Index,Title,Tags,Type,Language,Seasons,Z0XM,Imtiyaz,Lights,Legend,DeadPoOl,AvgRating
1830,Bhavesh Joshi Superhero,"Life, Action, Fantasy, Crime, Thriller",Movie,Hindi,,♾️,,10,,7.5,♾️
1731,Godzilla - Minus One,"Drama, Life, Action, War",Movie,Japanese,,♾️,,♾️,,6.5,♾️
1687,Transformers One,"Adventure, Sci-Fi, Fantasy, Action",Movie,English,,♾️,♾️,9,,,♾️
1323,The Office,"Drama, Comedy",Series,English,9,♾️,,♾️,7,♾️,♾️
1322,FullMetal Alchemist : Brotherhood,"Drama, Adventure, Action, Fantasy, Classic",Animated Series,Japanese,1,♾️,,10,10,♾️,♾️
1321,Ben 10: Omniverse,"Comedy, Action, Fantasy, SuperPowers",Series,English,8,♾️,♾️,10,,,♾️
1320,Ben 10: Classic,"Comedy, Action, Fantasy, Classic, SuperPowers",Animated Series,English,4,♾️,10,10,,,♾️
1319,Ben 10: Alien Force,"Comedy, Action, Fantasy, SuperPowers",Animated Series,English,3,♾️,10,10,,,♾️
1288,Ben 10: Ultimate Alien,"Comedy, Action, Fantasy, SuperPowers",Animated Series,English,2,♾️,10,7,,,♾️
1256,The Sky Is Pink,"Drama, Life",Movie,English,,♾️,,10,,9,♾️
1255,Inside Out,"Drama, Comedy, Life, Different",Animated Movie,English,,♾️,10,10,♾️,7,♾️
1254,Inside Out 2,"Drama, Comedy, Life, Feel Good, Different",Animated Movie,English,,♾️,,10,♾️,8,♾️
1226,Goodbye,"Drama, Comedy",Movie,Hindi,,♾️,,9,,,♾️
1125,Doraemon: Steel Troops,"Comedy, Action, Sci-Fi, Thriller",Animated Movie,English,,♾️,♾️,8,,,♾️
966,Now You See Me,"Mystery, Different, Magic",Movie,English,,♾️,10,7,10,8,♾️
544,Mob Psycho 100,"Action, Fantasy",Animated Series,Japanese,3,♾️,,,9,8,♾️
364,Adventures of Tintin,"Drama, Comedy, Fantasy, Thriller, Mystery, Different",Movie,English,,♾️,♾️,,,,♾️
363,MegaMind,"Comedy, Action",Animated Movie,English,,♾️,9,,10,,♾️
1877,Metro In Dino,"Drama, Life, Romance, Feel Good, Comedy, Musical",Movie,Hindi,,10,,10,,,10
1855,Final Destination Bloodlines,"Comedy, Action, Fantasy, Thriller",Movie,English,,10,,6,,,8
1813,Parking,"Drama, Thriller, Life",Movie,Tamil,,10,,7,,6,7.67
1786,Karwaan,"Comedy, Drama, Life, Feel Good",Movie,Hindi,,10,,9,,,9.5
1774,Black Warrant,"Drama, Life, Crime, Mystery, Different",Series,Hindi,1,10,,,,8,9
1768,Udta Punjab,"Drama, Life, Different, Crime",Movie,Hindi,,10,,,,7.5,8.75
1679,Dan Da Dan,"Comedy, Action, Fantasy, Horror, Thriller, Gods & Demons, Magic, Drama",Animated Series,Japanese,2,10,♾️,9,,10,♾️
1477,Taarak Mehta ka Oolta Chasmah,"Drama, Comedy, Life, Romance, Feel Good",Series,Hindi,1,10,8.5,7.5,,,8.67
1385,Pagglait,"Drama, Life, Feel Good",Movie,Hindi,,10,9,,,,9.5
1317,Cosmos: A Spacetime Odyssey,"Sci-Fi, Thriller, Mystery, Documentary",Series,English,1,10,10,10,,,10
1307,Mouse,"Crime, Thriller, Mystery",Series,Korean,1,10,,8,,♾️,♾️
1286,Moon Knight,"Adventure, Action, Fantasy",Series,English,1,10,9.5,7,9,8,8.7
1267,Slumdog Millionaire,"Drama, Romance",Movie,English,,10,9,♾️,9,,♾️
1263,Your Name,"Drama, Romance, Fantasy, Different, Magic",Animated Movie,Japanese,,10,10,10,6,10,9.2
1262,Welcome,"Comedy, Romance",Movie,Hindi,,10,10,10,10,10,10
1261,October,"Drama, Romance",Movie,Hindi,,10,,10,,,10
1260,Heyy Babyy,"Drama, Comedy, Romance",Movie,Hindi,,10,10,10,9.5,,9.88
1259,Yeh Jawaani Hai Deewani,"Drama, Comedy, Romance",Movie,Hindi,,10,,10,9.5,,9.83
1258,Dil Dhadakne Do,"Drama, Comedy, Romance, Feel Good",Movie,Hindi,,10,4,10,,,8
1253,SpiderMan: Into The Spiderverse,"Adventure, Action, SuperPowers",Animated Movie,English,,10,10,10,,10,10
1252,3 Idiots,"Drama, Comedy, Life, Feel Good",Movie,Hindi,,10,10,10,9.5,10,9.9
1251,Taare Zameen Par,"Drama, Life, Feel Good",Movie,Hindi,,10,10,10,9.5,10,9.9
1250,Bhool Bhulaiya,"Comedy, Horror, Mystery",Movie,Hindi,,10,9,10,9,9,9.4
1249,Kapoor & Sons,"Drama, Comedy",Movie,Hindi,,10,,10,6.5,,8.83
1241,Avengers: Infinity War ,"Action, Sci-Fi, Thriller, Different, SuperPowers",Movie,English,,10,♾️,10,♾️,10,♾️
1240,Avengers: Endgame ,"Action, Sci-Fi, Thriller, SuperPowers",Movie,English,,10,10,10,9.5,10,9.9
1230,Om Shanti Om,"Drama, Romance, Musical",Movie,Hindi,,10,10,9,,8,9.25
1225,Thor: Ragnarok ,"Adventure, Action, Gods & Demons, SuperPowers",Movie,English,,10,9,9,10,10,9.6
1192,Blurr,"Comedy, Thriller, Mystery",Movie,Hindi,,10,,8,,,9
1178,Maharaja,"Drama, Crime, Thriller",Movie,Tamil,,10,♾️,8,9,10,♾️
1177,Moana,"Drama, Adventure",Animated Movie,English,,10,8.5,8,,,8.83
1043,Taarzan: The Wonder Car,"Romance, Action, Fantasy",Movie,Hindi,,10,10,7,8,7,8.4
972,Oppenheimer,"Drama, Thriller, Real Incident",Movie,English,,10,♾️,7,,7,♾️
746,Penguins of Madagascar,"Comedy, Adventure",Animated Movie,English,,10,9.5,6.5,,,8.67
745,Animal,"Drama, Action, Thriller",Movie,Hindi,,10,8,6.5,8.5,8,8.2
543,Attack On Titan,"Action, Fantasy, Thriller, War, Different, Gods & Demons, Magic",Animated Series,Japanese,4,10,♾️,,♾️,♾️,♾️
542,That Time I Got Reincarnated As a Slime,"Comedy, Feel Good, Fantasy, Gods & Demons, Magic, Isekai",Animated Series,Japanese,3,10,10,,,10,10
541,Jujutsu Kaisen,"Comedy, Action, Fantasy, Thriller, Gods & Demons, Magic",Animated Series,Japanese,2,10,8,,10,10,9.5
540,One Punch Man,"Comedy, Action, Sci-Fi, SuperPowers",Animated Series,Japanese,2,10,8,,9,9,9
539,Kaguya Sama Love is War,"Comedy, Romance",Animated Series,Japanese,3,10,,,,,10
538,Code: Geass,"Action, Sci-Fi",Animated Series,Japanese,2,10,,,,10,10
537,Steins; Gate,"Drama, Sci-Fi, Thriller",Animated Series,Japanese,2,10,,,9,10,9.67
451,The Sandman,"Drama, Fantasy, Horror, Gods & Demons, Magic",Series,English,1,10,10,,,,10
362,The Call,"Drama, Thriller, Mystery",Movie,Korean,,10,,,,,10
361,Guardians of the Galaxy Vol.3,"Comedy, Adventure, Action, Sci-Fi",Movie,English,,10,9,,9,9,9.25
360,RRR,"Drama, Action, History",Movie,Telugu,,10,,,,8,9
359,Jawan,"Drama, Action, Thriller",Movie,Hindi,,9.5,9.5,,,7,8.67
1789,Dhoom Dhaam,"Drama, Comedy, Romance, Feel Good, Action, Mystery",Movie,Hindi,,9,,,8,7,8
1707,It's What's Inside,"Drama, Fantasy, Sci-Fi, Mystery, Thriller, Different",Movie,English,,9,,7,,8,8
1384,Leave the world behind,"Mystery, Different",Movie,English,,9,,9,,,9
1373,Clash-a-Rama,"Comedy, Feel Good, Game & Media, Fantasy, Different, Magic",Shorts,English,,9,9,,,,9
1314,Death Note,"Drama, Crime, Thriller, Gods & Demons, Magic",Animated Series,Japanese,1,9,,9,10,10,9.5
1313,F.R.I.E.N.D.S,"Comedy, Adventure, Action, Fantasy",Series,English,10,9,10,9,10,10,9.6
1311,Best of Luck Nikki,"Drama, Comedy",Series,Hindi,4,9,10,9,10,7,9
1265,Inception,"Action, Sci-Fi, Thriller, Classic, Fantasy",Movie,English,,9,,♾️,♾️,9,♾️
1248,Good Will Hunting,"Drama, Life",Movie,English,,9,8,10,,,9
1239,Interstellar,"Drama, Adventure, Sci-Fi",Movie,English,,9,10,10,9,10,9.6
1229,Aladdin (2019),"Drama, Romance, Fantasy, Musical, Magic",Movie,English,,9,8,9,9,,8.75
1228,Kalki,"Drama, Romance",Movie,Hindi,,9,8,9,8.5,8,8.5
1224,Harry Potter and the Half Blood Prince,"Drama, Fantasy, Magic",Movie,English,,9,10,9,9.5,,9.38
1223,Harry Potter and the Deathly Hallows Part 2,"Drama, Fantasy, Magic",Movie,English,,9,10,9,9,,9.25
1222,Zootopia,"Comedy, Adventure, Feel Good",Animated Movie,English,,9,9,9,8,,8.75
1221,Harry Potter and the Prisoner of Askaban,"Drama, Fantasy, Magic",Movie,English,,9,8,9,8.5,,8.63
1220,Ajab Prem Ki Ghazab Kahani,"Drama, Life, Comedy, Feel Good",Movie,Hindi,,9,8,9,7,7.5,8.1
1216,Spider-Man: No Way Home ,"Adventure, Action, Sci-Fi, SuperPowers",Movie,English,,9,10,9,8,9,9
1215,Ra.One,"Adventure, Action, Sci-Fi",Movie,Hindi,,9,10,9,7.5,9,8.9
1203,Kho Gaye Hum Kaha,"Drama, Romance",Movie,Hindi,,9,,8,8,10,8.75
1191,Kill,"Drama, Action, Thriller",Movie,Hindi,,9,10,8,,,9
1176,Spiderman: Across The Spiderverse,"Adventure, Action, SuperPowers",Animated Movie,English,,9,10,8,,10,9.25
1175,"Everything, Everywhere, All at Once","Action, Fantasy, Thriller, SuperPowers",Movie,Korean,,9,10,8,,8,8.75
1174,Pokémon Detective Pikachu,"Adventure, Fantasy, Mystery",Movie,English,,9,,8,,,8.5
1124,Men In Black 3,"Comedy, Action, Sci-Fi",Movie,English,,9,8,8,,,8.33
1042,Atrangi Re,"Drama, Romance, Musical",Movie,Hindi,,9,,7,,6,7.33
1041,Merry Christmas,"Drama, Romance",Movie,Hindi,,9,,7,7,,7.67
694,Jumbo,"Drama, Adventure",Animated Movie,Hindi,,9,9,6,8,,8
536,Demon Slayer,"Comedy, Life, Feel Good, Fantasy, Gods & Demons, Magic",Animated Series,Japanese,4,9,♾️,,9,9,♾️
535,God Of Highschool,"Comedy, Action, Fantasy, Gods & Demons, Magic",Animated Series,Japanese,1,9,10,,,9,9.33
534,Jobless Reincarnation,"Action, Fantasy, Thriller, Magic, Isekai",Animated Series,Japanese,2,9,9,,,9,9
533,Future Diary,"Romance, Action, Fantasy, Sci-Fi, Thriller, Mystery, SuperPowers",Animated Series,Japanese,1,9,8,,,,8.5
532,Tokyo Revengers,"Drama, Action, Magic",Animated Series,Japanese,2,9,7,,,9,8.33
531,Ajin,"Comedy, Romance",Animated Series,Japanese,2,9,,,,,9
530,Blue Exorcist,"Comedy, Fantasy, Magic, SuperPowers",Animated Series,Japanese,3,9,,,,9,9
529,DevilMan Crybaby,"Action, Horror, Magic",Animated Series,Japanese,1,9,,,,,9
527,Noragami,"Action, Fantasy",Animated Series,Japanese,2,9,,,8,,8.5
447,Breaking Bad,"Drama, Crime, Thriller",Series,English,5,9,,,10,10,9.67
445,The Boys,"Drama, Comedy, Action",Series,English,4,9,,,,10,9.5
438,Lucifer,"Drama, Crime, Mystery",Series,English,6,9,,,,,9
437,Farzi,"Drama, Comedy, Crime",Series,Hindi,1,9,,,,9,9
425,The Glory,"Drama, Thriller, Life, Crime",Series,Korean,1,9,8,,,,8.5
358,Predestination,"Sci-Fi, Thriller, Mystery",Movie,English,,9,8,,,♾️,♾️
357,Despicable Me,"Comedy, Feel Good",Animated Movie,English,,9,10,,,,9.5
356,Dabbe: The Posession,"Horror, Thriller",Movie,Turkish,,9,,,,,9
355,Ugly,"Drama, Thriller",Movie,Hindi,,9,,,,,9
354,Puss In Boots: The Last Wish,"Comedy, Adventure",Animated Movie,English,,9,8.5,,9,,8.83
353,Bullet Train,"Comedy, Action, Thriller",Movie,English,,9,9,,8,9,8.75
352,Run,Action,Movie,English,,9,8.5,,,,8.75
351,Black Panther: Wakanda Forever,"Action, Sci-Fi, Thriller, War, SuperPowers",Movie,English,,9,8,,9,8,8.5
350,Tenet,"Action, Sci-Fi, Thriller",Movie,English,,9,9,,,7,8.33
349,Delhi Belly,"Drama, Comedy, Crime",Movie,Hindi,,9,7,,8.5,,8.17
348,Oldboy ,"Action, Crime, Mystery, Different",Movie,Korean,,9,,,,7,8
1881,Takopi's Original Sin,"Life, Different, Mystery, Magic",Animated Series,Japanese,1,8.5,,,,,8.5
1766,Little Things,"Romance, Comedy",Series,Hindi,4,8.5,6,8,,,7.5
1700,Agatha All Along,"Comedy, Fantasy, Mystery, Gods & Demons, Magic",Series,English,1,8.5,7.5,,,,8
1324,The Big Bang Theory,"Drama, Comedy, Life, Romance, Feel Good, Dark Comedy",Series,English,12,8.5,9,♾️,,10,♾️
1306,Gullak,"Drama, Comedy",Series,Hindi,3,8.5,,8,,♾️,♾️
1227,Jab We Met,"Drama, Comedy, Romance",Movie,Hindi,,8.5,9,9,10,7,8.7
1219,How To Train Your Drgaon,"Adventure, Fantasy",Animated Movie,English,,8.5,10,9,,,9.17
1218,Dhamaal,"Comedy, Adventure",Movie,Hindi,,8.5,8,9,,9,8.63
1214,Doctor Strange ,"Action, Fantasy, Sci-Fi, Magic, SuperPowers",Movie,English,,8.5,10,9,7.5,9,8.8
1212,Life Of Pi,"Drama, Adventure, Fantasy",Movie,English,,8.5,10,8.5,,,9
1206,Deadpool and Wolverine,"Comedy, Action, Sci-Fi, SuperPowers",Movie,English,,8.5,8.5,8.5,,8.5,8.5
1204,Suzume,"Romance, Fantasy, Thriller, Magic",Animated Movie,Japanese,,8.5,10,8,,9,8.88
1202,My Name is Khan,"Drama, Romance, Heartbreaking",Movie,Hindi,,8.5,8,8,,10,8.63
1194,Ratatouille,"Comedy, Feel Good",Animated Movie,English,,8.5,10,8,,9,8.88
1190,Coco,"Comedy, Feel Good, Musical",Animated Movie,English,,8.5,8,8,9,,8.38
1189,Lords of the Rings: The Return of the King,"Drama, Adventure, Fantasy",Movie,English,,8.5,9,8,8.5,8,8.4
1188,Lords of the Rings: The Two Towers,"Drama, Adventure, Fantasy",Movie,English,,8.5,8,8,8,8,8.1
1173,The Shawshank Redemtion,"Drama, Life, Feel Good, Crime",Movie,English,,8.5,,8,8.5,,8.33
1172,Hanuman,"Adventure, Action, Fantasy, Gods & Demons",Animated Movie,Hindi,,8.5,9,8,8,8,8.3
1171,Nayak,"Drama, Action",Movie,Hindi,,8.5,10,8,7.5,7,8.2
1170,Lord of the Rings:The Fellowship of the Rings,"Drama, Adventure, Fantasy",Movie,English,,8.5,8,8,8,8,8.1
1038,Life In a Metro,"Drama, Comedy, Romance",Movie,Hindi,,8.5,,7,,,7.75
965,Kai Po Che,"Drama, Sports",Movie,Hindi,,8.5,,7,,,7.75
729,Kabhi Alvida Na Kehna,"Drama, Romance",Movie,Hindi,,8.5,,6,,,7.25
590,Mission Impossible: Dead Reckoning Part One,"Adventure, Action, Thriller",Movie,English,,8.5,,5,,,6.75
528,A Silent Voice,"Drama, Life, Romance",Animated Movie,Japanese,,8.5,,,,10,9.25
346,KungFu Panda 3,"Comedy, Action, Magic",Animated Movie,English,,8.5,8,,8.5,9,8.5
345,Fighter,"Drama, Action",Movie,Hindi,,8.5,8,,8,,8.17
344,Extraction 2,"Comedy, Action, Crime",Movie,English,,8.5,7,,,9,8.17
1900,Lokah Chapter 1: Chandra,"Drama, Comedy, Gods & Demons, SuperPowers, Magic, Fantasy, Action",Movie,Malyalam,,8,,8,,,8
1896,Demon Slayer: Infinity Castle,"Action, SuperPowers, Gods & Demons, Thriller",Movie,Japanese,,8,,,10,,9
1882,A Gentleman,"Drama, Romance, Comedy, Action",Movie,Hindi,,8,,8,,,8
1847,Sinners,"Horror, Fantasy, Drama, Musical",Movie,English,,8,,7,,,7.5
1790,Your Friendly Neighbourhood Spider-Man,"Action, Sci-Fi, SuperPowers",Animated Series,English,1,8,8,,,,8
1765,Alice In Borderland,"Adventure, Action, Fantasy, Sci-Fi, Thriller, Different",Series,Korean,2,8,♾️,,,10,♾️
1743,Carry-On,"Action, Mystery, Thriller",Movie,English,,8,8.5,,,,8.25
1708,The White Tiger,"Life, Drama, Crime",Movie,English,,8,,,,,8
1683,Sector 36,"Thriller, Crime, Real Incident, Documentary",Movie,Hindi,,8,6,,,,7
1682,Kaalakandi,"Drama, Dark Comedy, Comedy, Life, Crime",Movie,Hindi,,8,,,,8,8
1544,13B: Fear has a new address,"Horror, Mystery",Movie,Hindi,,8,,,,,8
1498,X-Men : 6 - Days of Future Past,"Adventure, Action, Sci-Fi, Thriller, SuperPowers",Movie,English,,8,9,7,,,8
1496,X-Men : 5 - First Class,"Adventure, Action, Sci-Fi, SuperPowers",Movie,English,,8,7.5,8,,,7.83
1469,Slugterra,"Adventure, Action, Fantasy, Sci-Fi, Different",Animated Series,English,4,8,9.5,,,,8.75
1378,Paperman,"Drama, Romance, Feel Good",Shorts,English,,8,8,,,,8
1376,Bao,"Drama, Life, Feel Good, Different",Shorts,English,,8,♾️,8,,,♾️
1375,Piper,"Comedy, Life, Feel Good, Different",Shorts,English,,8,8,8,,,8
1372,Bramayugam,"Fantasy, Horror, Thriller, Different, Gods & Demons, Magic",Movie,Malyalam,,8,,,,,8
1309,Stranger Things,"Horror, Thriller, Mystery, Sci-Fi, SuperPowers",Series,English,4,8,8,8.5,10,9,8.7
1299,Loki,"Adventure, Action, Sci-Fi, SuperPowers",Series,English,2,8,10,8,8.5,10,8.9
1294,Brooklyn Nine-Nine,"Comedy, Crime, Drama",Series,English,8,8,,7.5,10,,8.5
1290,Family Man,"Drama, Action, Thriller",Series,Hindi,2,8,,7,9,9,8.25
1201,Hasee toh Phasee,"Drama, Comedy, Romance",Movie,Hindi,,8,,8,,,8
1200,Zindagi Na Milegi Dobara,"Drama, Romance, Fantasy",Movie,Hindi,,8,8,8,♾️,8,♾️
1199,New York,"Drama, Romance, Heartbreaking",Movie,Hindi,,8,,8,,,8
1198,Rab Ne Bana Di Jodi,"Drama, Comedy, Romance",Movie,Hindi,,8,9,8,,8,8.25
1197,Karthik Calling Karthik,"Drama, Romance, Thriller",Movie,Hindi,,8,,8,8,,8
1196,Baghban,"Drama, Life, Romance",Movie,Hindi,,8,8,8,7,,7.75
1187,Finding Nemo,"Drama, Comedy, Adventure",Animated Movie,English,,8,9,8,,8,8.25
1169,Monster's Inc,"Drama, Comedy",Animated Movie,English,,8,10,8,,,8.67
1168,The Lego Batman Movie,"Comedy, Adventure, Action, SuperPowers",Animated Movie,English,,8,9,8,,,8.33
1167,The Lego Movie,"Comedy, Adventure, Action, SuperPowers",Animated Movie,English,,8,9,8,,,8.33
1166,Madagascar 3,"Comedy, Adventure",Animated Movie,English,,8,9,8,,8,8.25
1165,The Jungle Book,"Drama, Feel Good, Adventure",Animated Movie,English,,8,9,8,7.5,8,8.1
1164,Andhadhun,"Comedy, Crime, Thriller",Movie,Hindi,,8,,8,,8,8
1163,Blackmail,"Drama, Comedy, Crime",Movie,Hindi,,8,,8,,,8
1162,Ittefaq,"Drama, Thriller, Mystery",Movie,Hindi,,8,,8,,,8
1161,Kaun,"Drama, Thriller, Mystery",Movie,Hindi,,8,,8,,,8
1160,Holiday: A Soldier Is Never Off Duty,"Drama, Action, Thriller",Movie,Hindi,,8,7.5,8,8,8,7.9
1159,Laapata Ladies,"Drama, Comedy",Movie,Hindi,,8,9,8,6,8,7.8
1158,Speak No Evil,"Horror, Thriller",Movie,English,,8,7,8,,,7.67
1135,Marvel’s The Avengers ,"Adventure, Action, Sci-Fi",Movie,English,,8,9,8,8.5,9,8.5
1134,Captain America: Civil War ,"Action, Sci-Fi, Thriller, History, SuperPowers",Movie,English,,8,9,8,8,8,8.2
1133,The Hunger Games,"Adventure, Action, Sci-Fi",Movie,English,,8,7,8,,,7.67
1123,Ready Player One,"Adventure, Action, Sci-Fi, Thriller",Movie,English,,8,10,8,,8,8.5
1122,Big Hero 6,"Comedy, Feel Good, Sci-Fi, Thriller, SuperPowers",Animated Movie,English,,8,9,8,,,8.33
1121,Men In Black,"Comedy, Action, Sci-Fi",Movie,English,,8,8,8,,,8
1120,Doctor Strange in the Multiverse of Madness ,"Action, Fantasy, Sci-Fi, Horror, Thriller, Magic, SuperPowers",Movie,English,,8,8,8,8.5,7,7.9
1119,Iron Man 3 ,"Adventure, Action, Sci-Fi",Movie,English,,8,7,8.5,7.5,,7.75
1110,The Conjuring 2,"Horror, Thriller, Mystery",Movie,English,,8,7,8,,,7.67
1099,Baahubali,"Drama, Action, Thriller, War, Different",Movie,Telugu,,8,9,7.5,8,,8.13
1098,Drishyam,"Drama, Crime, Thriller",Movie,Hindi,,8,8.5,7.5,7,8,7.8
1044,Words Bubble up Like Soda Pop,"Drama, Romance",Animated Movie,Japanese,,8,,7,,8,7.67
1039,The Platform,"Thriller, Mystery, Different",Movie,Spanish,,8,7.5,7,,,7.5
1037,Kal ho na ho,"Drama, Comedy, Romance",Movie,Hindi,,8,10,7,,8.5,8.38
1036,Partner,"Comedy, Romance",Movie,Hindi,,8,9,7,8,7,7.8
974,OMG – Oh My God!,"Drama, Comedy",Movie,Hindi,,8,,7,7.5,10,8.13
964,Baahubali 2,"Drama, Action, Thriller, War",Movie,Telugu,,8,9,7,8.5,,8.13
963,Drishyam 2,"Drama, Crime, Thriller",Movie,Hindi,,8,9.5,7,8,8,8.1
962,PK,"Drama, Comedy, Fantasy",Movie,Hindi,,8,9,7,7,9,8
961,How To Train Your Drgaon 3,"Adventure, Fantasy",Animated Movie,English,,8,9,7,,,8
960,Chillar Party,"Drama, Comedy",Movie,Hindi,,8,9,7,7.5,8,7.9
959,Jack the Giant Slayer,"Adventure, Action, Fantasy",Movie,English,,8,8,7,,,7.67
958,How To Train Your Drgaon 2,"Adventure, Fantasy",Animated Movie,English,,8,8,7,,,7.67
957,The Batman 2022,"Drama, Action, Crime",Movie,English,,8,8,7,,7,7.5
956,Freddy,"Drama, Thriller",Movie,Hindi,,8,6.5,7,,8,7.38
955,Exorcist,"Action, Thriller",Movie,English,,8,7,7,,,7.33
785,Captain America: The Winter Soldier ,"Action, Sci-Fi, Thriller, SuperPowers",Movie,English,,8,9,7,8,8,8
784,Deadpool 2,"Comedy, Action, Sci-Fi, SuperPowers",Movie,English,,8,8,7,7,7.5,7.5
783,Don't Look Up,"Drama, Comedy, Sci-Fi",Animated Movie,English,,8,,7,6,,7
730,I want to eat your pancreas,"Drama, Romance",Animated Movie,Japanese,,8,,6,,,7
728,Raanjhanaa,"Drama, Romance",Movie,Hindi,,8,8,6,7.5,,7.38
693,Cuttputlli,"Crime, Thriller, Mystery",Movie,Hindi,,8,,6,8,7,7.25
692,Stree,"Drama, Comedy, Horror",Movie,Hindi,,8,7,6,7.5,,7.13
621,Ant Man and the Wasp: Quantumania,"Comedy, Action, Sci-Fi, SuperPowers",Movie,English,,8,7,6,8,8,7.4
545,WandaVision,"Drama, Romance, Action, Sci-Fi, Magic",Series,English,1,8,8,,9,8,8.25
526,Ranking of Kings,"Drama, Feel Good, Fantasy, Magic",Animated Series,Japanese,2,8,9,,,,8.5
525,Parasyte - The Maxim,"Fantasy, Classic, Thriller, Mystery, Different",Animated Series,Japanese,1,8,9,,,8,8.33
524,Spy X Family,"Drama, Comedy, Feel Good, War",Animated Series,Japanese,2,8,9,,8,7,8
523,Chainsaw Man,"Action, Fantasy, Thriller, Gods & Demons, Magic",Animated Series,Japanese,1,8,8,,8,10,8.5
522,The Millionaire Detective Balance : Unlimited,"Drama, Comedy, Action",Animated Series,Japanese,1,8,7.5,,,,7.75
521,Horimiya,"Life, Romance",Animated Series,Japanese,1,8,,,,,8
520,Tomodachi Game,"Thriller, Mystery",Animated Series,Japanese,1,8,,,,10,9
519,The Misfit Of Demon King Academy,"Action, Fantasy, Gods & Demons, Magic",Animated Series,Japanese,2,8,,,,,8
518,Anohana,"Drama, Life, SuperPowers",Animated Series,Japanese,1,8,,,,,8
517,Noblesse,"Action, Fantasy",Animated Series,Japanese,1,8,,,,8,8
516,Summertime Rendering,"Thriller, Mystery",Animated Series,Japanese,1,8,,,,8,8
515,Another,"Horror, Thriller, Mystery",Animated Series,Japanese,1,8,,,,,8
514,Erased,"Drama, Sci-Fi, Thriller, Mystery",Animated Series,Japanese,1,8,,,,,8
488,Happy Ending,"Drama, Comedy, Romance",Movie,Hindi,,8,,,,,8
435,Squid Games,"Drama, Thriller, Mystery",Series,Korean,2,8,10,,9,9,9
429,3 Body Problem,"Fantasy, Sci-Fi, Thriller, Mystery, Different",Series,English,1,8,9.5,,,,8.75
427,Aspirants,"Drama, Comedy",Series,Hindi,2,8,9,,8,9.5,8.63
408,Better Call Saul,"Drama, Comedy, Crime",Series,English,6,8,,,,,8
407,Hellbound,"Drama, Fantasy, Thriller, Gods & Demons",Series,Korean,2,8,,,,,8
406,Scam 1992,"Drama, Crime, Real Incident",Series,Hindi,1,8,,,8,8,8
405,Flower of Evil,"Drama, Crime, Thriller, Mystery",Series,Korean,1,8,,,,,8
404,Strangers from Hell,"Drama, Fantasy, Horror, Thriller",Series,Korean,1,8,,,,,8
403,The Peacemaker,"Comedy, Adventure, Action",Series,English,1,8,,,,,8
401,Transformers: Prime,"Adventure, Action, Sci-Fi",Animated Series,English,3,8,,,,,8
343,KungFu Panda,"Comedy, Action, Magic",Animated Movie,English,,8,10,,9,10,9.25
342,Justice League: Snyder Cut,"Adventure, Action, Sci-Fi, SuperPowers",Movie,English,,8,9,,,9,8.67
341,KungFu Panda 2,"Comedy, Action, Magic",Animated Movie,English,,8,8,,8.5,9,8.38
340,Wild Wild Punjab,"Drama, Comedy",Movie,Hindi,,8,,,,8.5,8.25
339,Knives Out,"Drama, Comedy, Mystery",Movie,English,,8,8.5,,8,,8.17
338,Now You See Me 2,"Action, Crime, Thriller",Movie,English,,8,8,,,8,8
337,Source Code,"Sci-Fi, Thriller, Mystery",Movie,English,,8,8,,,,8
336,The Flash (2023),"Adventure, Action, Sci-Fi, SuperPowers",Movie,English,,8,8,,,,8
335,Udaan,"Drama, Life",Movie,Hindi,,8,,,,,8
334,An Action Hero,"Comedy, Action, Crime",Movie,Hindi,,8,,,,8,8
332,Vikram Vedha,"Drama, Action, Thriller",Movie,Hindi,,8,,,,,8
331,Krishna Aur Kans,"Adventure, Gods & Demons",Animated Movie,Hindi,,8,8,,,,8
330,Minions,"Drama, Comedy, Fantasy",Animated Movie,English,,8,8,,,,8
329,Ludo,"Drama, Comedy, Crime",Movie,Hindi,,8,7,,8,8,7.75
328,Monica! Oh My Darling,"Drama, Comedy",Movie,Hindi,,8,,,8,7,7.67
327,The Suicide Squad (2021),"Action, Fantasy, Crime, Gods & Demons, SuperPowers",Movie,English,,8,7,,,,7.5
326,Dhoka Round D Corner,"Drama, Thriller, Mystery",Movie,Hindi,,8,,,,7,7.5
1905,Dhadak 2,"Drama, Life, Romance",Movie,Hindi,,7.5,,,,,7.5
1899,Shaandaar,"Drama, Life, Feel Good, Comedy",Movie,Hindi,,7.5,,,,,7.5
1897,Dolly Kitty aur Wo Chamakte Sitaare,"Drama, Life",Movie,Hindi,,7.5,,,,,7.5
1892,The summer Hikaru Died,"Life, Horror, Mystery, Different",Series,Japanese,1,7.5,,,,,7.5
1890,Lift Boy,"Life, Feel Good",Movie,Hindi,,7.5,,,,,7.5
1864,Love Aaj Kal (2009),"Drama, Life, Romance, Feel Good, Comedy",Movie,Hindi,,7.5,,7,,,7.25
1831,Horrid Henry,"Adventure, Comedy",Animated Series,English,,7.5,,7,,8,7.5
1825,Devaa,"Drama, Action, Crime, Mystery",Movie,Hindi,,7.5,,,,,7.5
1816,HellBoy,"Action, Fantasy",Movie,English,,7.5,,,,,7.5
1801,Coherence,"Sci-Fi, Mystery, Different",Movie,English,,7.5,,7,7,7.5,7.25
1746,Train To Busan,"Thriller, Horror",Movie,English,,7.5,9,5,,,7.17
1738,Lucky Bhaskar,"Drama, Comedy, Mystery, Crime",Movie,Telugu,,7.5,,,,7,7.25
1736,Welcome Home,"Horror, Crime, Thriller",Movie,Hindi,,7.5,,,,,7.5
1712,Queen,"Drama, Comedy, Life, Feel Good",Movie,Hindi,,7.5,8,6,,,7.17
1704,Panic Room,"Thriller, Mystery",Movie,English,,7.5,,,,,7.5
1701,The Wild Robot,"Comedy, Feel Good, Sci-Fi, Adventure, Life",Animated Movie,English,,7.5,10,,8,8,8.38
1610,Thirteen Ghosts,"Horror, Thriller, Different",Movie,English,,7.5,,,,,7.5
1550,Khel Khel Mein,"Drama, Comedy, Life",Movie,Hindi,,7.5,,,7.5,,7.5
1283,Suits,"Drama, Crime, Mystery, Comedy",Series,English,9,7.5,,7,7.5,,7.33
1276,Secret Invasion,"Adventure, Action, Sci-Fi",Series,English,1,7.5,6.5,7,,,7
1271,Kota Factory,"Drama, Comedy",Series,Hindi,3,7.5,8,6,8,8,7.5
1186,The Dark Knight,"Drama, Action, Crime, SuperPowers",Movie,English,,7.5,9,8,9,10,8.7
1185,Mission: Impossible - Ghost Protocol,"Adventure, Action, Thriller",Movie,English,,7.5,,8,,,7.75
1184,The Social Network,"Drama, Real Incident",Movie,English,,7.5,8,8,8,,7.88
1107,Meri Pyaari Bindu,"Drama, Comedy, Romance",Movie,Hindi,,7.5,,6,,,6.75
1106,Rishtey,"Drama, Romance",Movie,Hindi,,7.5,,7.5,,,7.5
1105,The Lion King,"Drama, Comedy, Romance",Animated Movie,English,,7.5,7,7.5,7.5,,7.38
1104,Kabhi Khushi Kabhie Gham...,"Drama, Romance",Movie,Hindi,,7.5,6.5,7.5,7.5,7,7.2
1103,Student of the Year,"Drama, Comedy, Romance",Movie,Hindi,,7.5,6,7.5,7,7,7
1102,Son Of Sardaar,"Comedy, Romance, Action",Movie,Hindi,,7.5,7,7.5,6.5,6,6.9
1097,Bhoothnath,"Drama, Comedy, Fantasy",Movie,Hindi,,7.5,9,7.5,7,7.5,7.7
1096,Shaitaan,"Drama, Crime, Thriller",Movie,Hindi,,7.5,8,7.5,,,7.67
1095,"The Chronicles of Narnia: The Lion, the Witch and the Wardrobe","Adventure, Fantasy, Magic",Movie,English,,7.5,8,7.5,,,7.67
1094,Shutter Island,"Drama, Thriller, Mystery, Fantasy, Classic",Movie,English,,7.5,,7.5,10,7.5,8.13
1093,Golmaal: Fun Unlimited,"Drama, Comedy, Feel Good",Movie,Hindi,,7.5,7,7.5,,8,7.5
1092,Phobia,"Drama, Horror, Thriller",Movie,Hindi,,7.5,,7.5,,,7.5
1091,Raaz,"Horror, Thriller",Movie,Hindi,,7.5,7,7.5,,,7.33
1090,Khatta Meetha,"Drama, Comedy",Movie,Hindi,,7.5,7,7.5,,,7.33
1089,Madagascar 1,"Comedy, Adventure",Animated Movie,English,,7.5,7,7.5,,,7.33
1054,Iron Man,"Adventure, Action, Sci-Fi",Movie,English,,7.5,7,7.5,7,8,7.4
1040,Weathering With You,"Romance, Fantasy",Animated Movie,Japanese,,7.5,,7,,8.5,7.67
1035,Sonu ke Titu ki Sweety,"Drama, Comedy, Romance",Movie,Hindi,,7.5,,7,7,8,7.38
1034,Chennai Express,"Comedy, Romance, Action",Movie,Hindi,,7.5,9,7,,7,7.63
1033,Tamasha,"Drama, Romance, Musical",Movie,Hindi,,7.5,,7,7.5,,7.33
1032,ABCD: Any Body Can Dance,"Drama, Romance, Musical",Movie,Hindi,,7.5,7,7,7,8,7.3
1031,Ek Villain,"Drama, Romance, Thriller",Movie,Hindi,,7.5,7,7,7.5,,7.25
1030,Ek mai aur ek tu,"Drama, Comedy, Romance",Movie,Hindi,,7.5,,7,,,7.25
1029,Jab Harry Met Sejal,"Drama, Comedy, Romance",Movie,Hindi,,7.5,,7,,,7.25
1028,Lootera,"Drama, Romance",Movie,Hindi,,7.5,,7,,,7.25
1027,Luck By Chance,"Drama, Romance",Movie,Hindi,,7.5,,7,,,7.25
1026,Chup Chup Ke,"Drama, Comedy, Romance",Movie,Hindi,,7.5,8,7,6.5,7,7.2
1007,Hobbs and Shaw,"Adventure, Action, Thriller",Movie,English,,7.5,10,7,,,8.17
1005,Stuart Little 2,"Drama, Comedy, Feel Good",Movie,English,,7.5,10,7,,,8.17
1004,The Prestige,"Drama, Action, Thriller, Mystery",Movie,English,,7.5,,7,,9,7.83
1003,Jolly LLB,"Drama, Comedy",Movie,Hindi,,7.5,8,7,7.5,8,7.6
1002,Top Gun: Maverick,"Drama, Action",Movie,English,,7.5,,7,,,7.25
1001,Pirates Of The Carribean: The Curse of the Black Pearl,"Adventure, Action, Fantasy",Movie,English,,7.5,8,7,7,,7.38
1000,Brahmastra: Part 1,"Adventure, Action, Fantasy",Movie,Hindi,,7.5,7,7,,8,7.38
999,Constantine,"Fantasy, Horror, Gods & Demons",Movie,English,,7.5,7,7,,,7.17
998,Frozen,"Drama, Comedy, Adventure, Fantasy",Animated Movie,English,,7.5,7,7,,,7.17
968,Main Hoon Na,"Drama, Comedy, Action",Movie,Hindi,,7.5,9,7,7.5,8,7.8
954,Ghost Rider,"Action, Fantasy, Thriller",Movie,English,,7.5,9.5,7,,,8
953,Dangal,"Drama, Sports, Real Incident",Movie,Hindi,,7.5,8,7,8,9,7.9
952,Hera Pheri,"Drama, Comedy",Movie,Hindi,,7.5,9,7,,,7.83
951,English Vinglish,"Drama, Life",Movie,Hindi,,7.5,9,7,7,,7.63
950,Jumanji,"Comedy, Adventure, Fantasy",Movie,English,,7.5,9,7,7,,7.63
949,Hindi Medium,"Drama, Comedy",Movie,Hindi,,7.5,8,7,,8,7.63
948,John Wick,"Action, Crime, Thriller",Movie,English,,7.5,7,7,,9,7.63
947,The Conjuring,"Horror, Thriller, Mystery",Movie,English,,7.5,8,7,,,7.5
946,Boss Baby,"Drama, Comedy, Feel Good, Fantasy",Animated Movie,English,,7.5,8,7,,,7.5
945,Parasite,"Drama, Life, Thriller, Mystery",Movie,Korean,,7.5,8,7,7,,7.38
944,Bajrangi Bhaijaan,"Drama, Comedy, Adventure",Movie,Hindi,,7.5,7,7,7,8,7.3
943,Badla,"Drama, Thriller, Mystery",Movie,Hindi,,7.5,,7,,,7.25
942,Kahaani,"Drama, Thriller, Mystery",Movie,Hindi,,7.5,,7,,,7.25
941,Mission: Impossible – Fallout,"Adventure, Action, Thriller",Movie,English,,7.5,,7,,,7.25
940,Ram Setu,"Drama, Adventure, Action",Movie,Hindi,,7.5,,7,,,7.25
939,Trolls,"Comedy, Adventure",Animated Movie,English,,7.5,,7,,,7.25
938,Dhoom 3,"Action, Crime, Thriller",Movie,Hindi,,7.5,7,7,7,7.5,7.2
937,Entertainment,"Drama, Comedy, Action",Movie,Hindi,,7.5,7,7,,7,7.13
936,Dishoom,"Comedy, Adventure, Action",Movie,Hindi,,7.5,7,7,6.5,7,7
935,Secret Superstar,"Drama, Musical",Movie,Hindi,,7.5,5,7,,8,6.88
934,Go Goa Gone,"Comedy, Action, Horror",Movie,Hindi,,7.5,6,7,6.5,,6.75
933,1920: The Evil Returns,"Horror, Thriller",Movie,Hindi,,7.5,6,7,6,,6.63
802,Koi Mil Gaya,"Drama, Romance, Sci-Fi",Movie,Hindi,,7.5,7.5,7,7,7,7.2
801,Martian,"Drama, Adventure, Sci-Fi",Movie,English,,7.5,10,7,7.5,8,8
800,Spider-Man: Far from Home ,"Adventure, Action, Sci-Fi, SuperPowers",Movie,English,,7.5,7,7,8.5,,7.5
799,Spider-Man: Homecoming ,"Adventure, Action, Sci-Fi, SuperPowers",Movie,English,,7.5,7,7,7.5,8,7.4
782,Black Panther ,"Action, Sci-Fi, Thriller, SuperPowers",Movie,English,,7.5,8,7,7,8,7.5
781,Guardians of the Galaxy ,"Comedy, Adventure, Action, Sci-Fi",Movie,English,,7.5,8,7,7.5,7.5,7.5
780,Spies In Disguise,"Adventure, Action, Sci-Fi",Animated Movie,English,,7.5,7.5,7,,,7.33
779,Incantation,"Sci-Fi, Horror, Mystery",Movie,Taiwanese,,7.5,,7,,,7.25
749,Singh Is Kinng,"Comedy, Romance, Action",Movie,Hindi,,7.5,6,6.5,,8,7
744,Wonder Woman,"Adventure, Action, Fantasy, SuperPowers",Movie,English,,7.5,6,6.5,,8,7
727,Kabir Singh,"Drama, Romance",Movie,Hindi,,7.5,6,6,7.5,8,7
726,Five Feet Apart,"Drama, Romance",Movie,English,,7.5,6.5,6,,,6.67
691,Talaash: The Answer Lies Within,"Drama, Thriller, Mystery",Movie,Hindi,,7.5,8,6,9,,7.63
690,Rowdy Rathore,"Drama, Comedy, Action",Movie,Hindi,,7.5,8,6,7.5,7.5,7.3
689,Aamdani Atthanni Kharcha Rupaiya,"Drama, Comedy, Life, Feel Good",Movie,Hindi,,7.5,8,6,6,,6.88
688,Boss,"Drama, Comedy, Action",Movie,Hindi,,7.5,7,6,,6,6.63
620,Justice League,"Adventure, Action, Sci-Fi, SuperPowers",Movie,English,,7.5,7,6,,,6.83
513,Ryukendo,"Action, Fantasy, Crime, Thriller, Gods & Demons, SuperPowers",Series,Japanese,1,7.5,♾️,,,,♾️
512,Kaiju No 8,"Comedy, Action, Sci-Fi, Gods & Demons, SuperPowers",Animated Series,Japanese,1,7.5,10,,,,8.75
486,Haseen Dilruba,"Drama, Romance, Thriller",Movie,Hindi,,7.5,,,7.5,7.5,7.5
485,Masaan,"Drama, Romance",Movie,Hindi,,7.5,,,,,7.5
484,Salaam Namaste,"Drama, Comedy, Romance",Movie,Hindi,,7.5,,,,,7.5
483,Thoda Pyaar Thoda Magic,"Drama, Romance, Fantasy",Movie,Hindi,,7.5,7,,6.5,,7
469,Yeh Kaali Kaali Aankhen,"Drama, Romance, Thriller",Series,Hindi,2,7.5,,,,,7.5
415,Mirzapur,"Drama, Crime, Thriller",Series,Hindi,3,7.5,,,,9,8.25
392,The 8 Show,"Drama, Thriller, Mystery",Series,Korean,1,7.5,8,,,,7.75
389,Pataal Lok,"Drama, Crime, Thriller",Series,Hindi,2,7.5,,,7.5,,7.5
388,Beyond Evil,"Drama, Horror, Crime",Series,Korean,1,7.5,,,,,7.5
387,The Guest,"Thriller, Mystery, Horror",Series,Korean,1,7.5,,,,,7.5
325,Batman v Superman: Dawn of Justice,"Action, Sci-Fi, Thriller, SuperPowers",Movie,English,,7.5,8,,,8.5,8
324,Identity,"Drama, Thriller, Mystery",Movie,English,,7.5,,,8.5,,8
323,Rock On!!,"Drama, Musical",Movie,Hindi,,7.5,,,8.5,,8
322,Tumbbad,"Fantasy, Horror, Thriller",Movie,Hindi,,7.5,8,,,8,7.83
321,Man of Steel,"Drama, Action, Sci-Fi, SuperPowers",Movie,English,,7.5,8,,,8,7.83
320,Ocean's 11,"Comedy, Sci-Fi, Thriller",Movie,English,,7.5,8,,,,7.75
319,Kingsman: The Secret Service,"Comedy, Adventure, Action",Movie,English,,7.5,7.5,,,8,7.67
318,Knives Out 2 - Glass Onion,"Drama, Comedy, Mystery",Movie,English,,7.5,7.5,,,,7.5
317,Forgotten,"Thriller, Mystery",Movie,Korean,,7.5,,,,,7.5
316,Midnight Runners,"Drama, Action, Thriller",Movie,Korean,,7.5,,,,,7.5
315,Dobaara,"Drama, Horror, Thriller",Movie,Hindi,,7.5,,,,,7.5
314,AK vs AK,"Thriller, Dark Comedy",Movie,Hindi,,7.5,,,,7.5,7.5
313,Fanney Khan,"Drama, Comedy, Musical",Movie,Hindi,,7.5,,,,,7.5
312,Friday Night Plan,"Drama, Comedy",Movie,Hindi,,7.5,,,,,7.5
311,Game Over,"Drama, Thriller, Mystery",Movie,Hindi,,7.5,,,,,7.5
310,Kingsman: The Golden Circle,"Comedy, Adventure, Action",Movie,English,,7.5,7,,,7.5,7.33
309,Bulbbul,"Drama, Fantasy, Horror",Movie,Hindi,,7.5,7,,,,7.25
308,Kantara,"Drama, Action, Thriller",Movie,Kannada,,7.5,7,,,,7.25
307,Raju Chacha,"Drama, Comedy, Feel Good",Movie,Hindi,,7.5,7,,,,7.25
306,Doctor G ,"Drama, Comedy",Movie,Hindi,,7.5,,,7,,7.25
305,Race,"Action, Crime, Thriller",Movie,Hindi,,7.5,7.5,,,6,7
304,Chor Nikal Ke Bhaaga,"Drama, Crime, Thriller",Movie,Hindi,,7.5,6.5,,,,7
303,Minnal Muralli,"Drama, Action, Thriller",Movie,Malyalam,,7.5,,,,6,6.75
1906,Bastards of Bollywood,"Drama, Comedy",Series,Hindi,1,7,,,,,7
1891,Wall to Wall,"Thriller, Mystery",Movie,Korean,,7,,,,,7
1888,Awara Paagal Deewana,"Drama, Comedy",Movie,Hindi,,7,,,,,7
1870,"Monsters, Inc.","Comedy, Adventure",Movie,English,,7,,6,,,6.5
1854,Superboys of Malegaon,"Drama, Life, Feel Good, Comedy, Romance, Real Incident",Movie,Hindi,,7,,,,,7
1846,Khauf,"Fantasy, Horror, Crime, Mystery",Series,Hindi,1,7,,,,,7
1815,Aamis: Ravening,"Drama, Romance, Life, Horror, Different",Movie,Assamese,,7,,,,,7
1802,Kadakh,"Different, Drama, Dark Comedy",Movie,Hindi,,7,,,5,6,6
1788,Don't Worry Darling,"Drama, Fantasy, Mystery",Movie,English,,7,,,,,7
1778,Black,"Life, Different, Drama",Movie,Hindi,,7,,,,,7
1758,Seven,"Life, Action, Crime, Mystery",Movie,English,,7,,4,,7,6
1749,Shastri Virudh Shastri,"Drama, Life, Feel Good",Movie,Hindi,,7,,,,,7
1742,Ram Prasad Ki Tehrvi,"Drama, Life",Movie,Hindi,,7,,,,,7
1737,Khosla Ka Ghosla,"Drama, Life, Comedy, Feel Good, Mystery",Movie,Hindi,,7,,,,,7
1711,Chopsticks,"Drama, Life, Feel Good",Movie,Hindi,,7,,,,,7
1611,Munjya,"Comedy, Fantasy, Horror",Movie,Hindi,,7,,6,,6,6.33
1579,Trap - 2024,"Drama, Crime, Thriller, Mystery",Movie,English,,7,8.5,,,,7.75
1554,Pig,"Comedy, Life",Shorts,English,,7,,,,,7
1549,Stree 2,"Comedy, Romance, Fantasy, Horror, Magic",Movie,Hindi,,7,,7.5,,,7.25
1543,Renfield,"Comedy, Fantasy, Dark Comedy, Gods & Demons, Magic",Movie,English,,7,,,,,7
1542,Manorama,"Drama, Thriller, Mystery",Movie,Hindi,,7,,,,,7
1541,Ek Chaalis ki last local,"Drama, Comedy, Dark Comedy",Movie,Hindi,,7,,,,,7
1530,CID,"Drama, Crime, Thriller",Series,Hindi,2,7,8,7,8,,7.5
1499,X-Men : 7 - Apocalypse,"Action, Sci-Fi, Thriller, SuperPowers",Movie,English,,7,7.5,8,,,7.5
1494,X-Men : 3 - Last Stand,"Action, Sci-Fi, SuperPowers",Movie,English,,7,8.5,7,,,7.5
1493,X-Men : 2 : X2 United,"Action, Sci-Fi, SuperPowers",Movie,English,,7,8,7,,,7.33
1492,X-Men : 1,"Adventure, Action, Sci-Fi, SuperPowers",Movie,English,,7,9,7,,,7.67
1475,Jeannie Aur Juju,"Comedy, Romance, Fantasy",Series,Hindi,1,7,,7,,,7
1437,Exam,"Crime, Thriller, Mystery, Different",Movie,English,,7,7,8,,,7.33
1386,Meenakshi Sundareshwar,"Drama, Comedy, Life, Romance, Feel Good",Movie,Hindi,,7,,,,,7
1357,Phineas & Ferb,"Drama, Comedy, Sci-Fi",Animated Series,English,4,7,9,7,,,7.67
1330,Get out,Mystery,Movie,English,,7,,,,,7
1293,What if ... ?,"Action, Sci-Fi, SuperPowers",Animated Series,English,3,7,8,7.5,,7,7.38
1284,The Falcon and the Winter Soldier,"Adventure, Action, Crime, SuperPowers",Series,English,1,7,8,7,8,8,7.6
1274,Wednesday,"Drama, Comedy, Mystery, Fantasy",Series,English,1,7,8.5,6,,8,7.38
1266,Up,"Drama, Adventure",Animated Movie,English,,7,9.5,♾️,,,♾️
1238,Jurassic Park,"Adventure, Sci-Fi, Thriller",Movie,English,,7,10,10,,,9
1237,The Amazing Spiderman 1,"Adventure, Action, Sci-Fi, SuperPowers",Movie,English,,7,10,10,,8,8.75
1101,De Dana Dan,"Drama, Comedy, Romance",Movie,Hindi,,7,6.5,7.5,7.5,8,7.3
1100,Kuch Kuch Hota Hai,"Drama, Comedy, Romance",Movie,Hindi,,7,8,7.5,7,6,7.1
1088,Ghajini,"Drama, Action, Mystery",Movie,Hindi,,7,9,7.5,10,8,8.3
1087,Angry Birds,"Comedy, Feel Good, Fantasy, Different, SuperPowers",Animated Movie,English,,7,10,7.5,,,8.17
1086,Mahabharat (2013),"Drama, War, History, Real Incident",Animated Movie,Hindi,,7,8,7.5,10,,8.13
1085,The Wolf of the Wall Street,"Comedy, Crime",Movie,English,,7,8,7.5,8,,7.63
1084,King Kong,"Drama, Adventure, Action",Movie,English,,7,7,7.5,8.5,,7.5
1083,Ralph Breaks the Internet,"Comedy, Adventure",Animated Movie,English,,7,8,7.5,,,7.5
1082,The Ring,"Horror, Mystery",Movie,English,,7,,7.5,,,7.25
1081,Mission: Impossible – Rogue Nation,"Adventure, Action, Thriller",Movie,English,,7,,7.5,,,7.25
1080,Annabelle,"Horror, Thriller, Mystery, Gods & Demons",Movie,English,,7,7,7.5,,,7.17
1079,Golmaal Returns,"Drama, Comedy, Feel Good",Movie,Hindi,,7,7,7.5,,7,7.13
1053,Independence Day 2,"Adventure, Action, Sci-Fi",Movie,English,,7,10,7.5,,,8.17
1052,The Incredible Hulk ,"Adventure, Action, Sci-Fi, SuperPowers",Movie,English,,7,8,7.5,,,7.5
1051,Deadpool,"Comedy, Action, Sci-Fi, SuperPowers",Movie,English,,7,7,7.5,7,9,7.5
1025,Barfi!,"Drama, Comedy, Romance",Movie,Hindi,,7,9,7,,8,7.75
1024,Jodhaa Akbar,"Drama, Romance, History",Movie,Hindi,,7,9,7,6.5,,7.38
1023,Luka Chuppi,"Drama, Comedy, Romance",Movie,Hindi,,7,,7,,8,7.33
1022,Namastey London,"Drama, Comedy, Romance",Movie,Hindi,,7,7,7,8,,7.25
1021,Jaane tu... ya jaane na,"Drama, Comedy, Romance",Movie,Hindi,,7,,7,7.5,,7.17
1020,Bang Bang!,"Comedy, Romance, Action",Movie,Hindi,,7,7,7,7,7,7
1019,Highway,"Drama, Romance, Adventure",Movie,Hindi,,7,7,7,,,7
1018,Bareliy ki Barfi,"Drama, Comedy, Romance",Movie,Hindi,,7,,7,7,,7
1017,Break Ke Baad,"Drama, Comedy, Romance",Movie,Hindi,,7,,7,,,7
1016,Humpty Sharma Ki Dulhania,"Drama, Comedy, Romance",Movie,Hindi,,7,,7,7,,7
1015,The Notebook,"Drama, Romance",Movie,English,,7,,7,,,7
997,Cars,"Comedy, Feel Good, Sports",Animated Movie,English,,7,9,7,9,9,8.2
996,Stuart Little,"Drama, Comedy, Feel Good",Movie,English,,7,10,7,,,8
995,Bolt,"Drama, Feel Good, Thriller",Animated Movie,English,,7,10,7,,,8
994,Munna Bhai M.B.B.S.,"Drama, Comedy",Movie,Hindi,,7,10,7,,8,8
993,Fantastic Beasts: And Where to Find Them,"Drama, Adventure, Fantasy",Movie,English,,7,9,7,,,7.67
992,Hotel Transylvania,"Drama, Comedy, Adventure",Animated Movie,English,,7,9,7,,,7.67
991,The Imitation Game,"Drama, History, Real Incident",Movie,English,,7,7.5,7,,9,7.63
990,The Chronicles of Narnia: Prince Caspian,"Adventure, Fantasy, Magic",Movie,English,,7,8.5,7,,,7.5
989,Harry Potter and the Deathly Hallows Part 1,"Drama, Fantasy, Magic",Movie,English,,7,9,7,7,,7.5
988,My Friend Ganesha,"Drama, Fantasy, Gods & Demons",Animated Movie,Hindi,,7,9,7,,7,7.5
987,Rush Hour,"Comedy, Crime",Movie,English,,7,8.5,7,,7,7.38
986,Pirates Of The Carribean: At World's End,"Adventure, Action, Fantasy",Movie,English,,7,7.5,7,7,,7.13
985,Pirates Of The Carribean: Dead Man's Chest,"Adventure, Action, Fantasy",Movie,English,,7,7.5,7,7,,7.13
984,A Quite Place,"Drama, Thriller, Mystery, Gods & Demons",Movie,English,,7,7,7,,,7
971,The Dark Knight Rises,"Drama, Action, Crime, SuperPowers",Movie,English,,7,8,7,8,8,7.6
970,Jagga Jasoos,"Adventure, Mystery, Musical",Movie,Hindi,,7,8,7,,,7.33
932,Chak De! India,"Drama, Sports",Movie,Hindi,,7,9,7,8.5,9,8.1
931,Mr. Bean's Holiday,"Drama, Comedy, Adventure",Movie,English,,7,10,7,,,8
930,12th Fail,"Drama, Life, Real Incident",Movie,Hindi,,7,9,7,8,9,8
929,Soul,"Drama, Life, Feel Good, Adventure",Animated Movie,English,,7,10,7,,,8
928,M.S. Dhoni: The Untold Story,"Drama, Sports, Real Incident",Movie,Hindi,,7,9,7,8,8,7.8
927,John Wick 2,"Action, Horror, Crime",Movie,English,,7,8,7,,9,7.75
926,Shershah,"Action, War, Real Incident",Movie,Hindi,,7,9,7,7.5,8,7.7
925,The Incredibles,"Drama, Adventure, Action, SuperPowers, Feel Good",Animated Movie,English,,7,7.5,7,9,8,7.7
924,Hotel Transylvania 2,"Drama, Comedy, Adventure",Animated Movie,English,,7,9,7,,,7.67
923,Harry Potter and the Goblet of Fire,"Drama, Fantasy, Magic",Movie,English,,7,8,7,8.5,,7.63
922,Dhoom 2,"Action, Crime, Thriller",Movie,Hindi,,7,8,7,8,8,7.6
921,Lagaan: Once Upon a Time in India,"Drama, History, Sports",Movie,Hindi,,7,9.5,7,7,7,7.5
920,Harry Potter and the Chamber of Secrets,"Drama, Fantasy, Magic",Movie,English,,7,7.5,7,8,,7.38
919,Harry Potter and the Order of Phoenix,"Drama, Fantasy, Magic",Movie,English,,7,7,7,8.5,,7.38
918,Special 26,"Drama, Crime, Thriller",Movie,Hindi,,7,,7,8,,7.33
917,Toy Story,"Comedy, Feel Good, Adventure",Animated Movie,English,,7,8,7,,,7.33
916,Mission: Impossible,"Adventure, Action, Thriller",Movie,English,,7,8,7,,7,7.25
915,Harry Potter and the Philosopher Stone,"Drama, Fantasy, Magic",Movie,English,,7,8,7,7,,7.25
914,Dhol,"Drama, Comedy, Mystery",Movie,Hindi,,7,7,7,,8,7.25
913,KGF,"Drama, Action, Thriller",Movie,Kannada,,7,7,7,,8,7.25
912,Singham,"Drama, Action, Crime",Movie,Hindi,,7,8,7,7,7,7.2
911,Gone girl,"Drama, Thriller, Mystery",Movie,English,,7,,7,,7.5,7.17
910,Bhool Bhulaiya 2,"Comedy, Horror, Mystery",Movie,Hindi,,7,,7,7.5,7,7.13
909,Ta Ra Rum Pum,"Drama, Feel Good, Sports",Movie,Hindi,,7,7.5,7,,7,7.13
908,War,"Drama, Action, Thriller",Movie,Hindi,,7,8,7,6.5,7,7.1
907,Eternals ,"Action, Fantasy, Thriller, Gods & Demons, SuperPowers",Movie,English,,7,7,7,,7,7
906,Crew,"Drama, Comedy, Action",Movie,Hindi,,7,7,7,,,7
905,God Tussi Great Ho,"Drama, Comedy, Fantasy",Movie,Hindi,,7,7,7,7,,7
904,Joker,"Drama, Crime",Movie,English,,7,7,7,,,7
903,Sonic The HedgeHog,"Comedy, Adventure, Action",Movie,English,,7,7,7,,,7
902,Escape Room,"Horror, Thriller",Movie,English,,7,,7,,,7
901,Escape Room:Tournament of Champions,"Horror, Thriller",Movie,English,,7,,7,,,7
900,Bhoot Unkle,"Drama, Comedy, Fantasy",Movie,Hindi,,7,,7,,7,7
899,All the best,"Drama, Comedy",Movie,Hindi,,7,,7,,,7
898,Bhooth & Friends,"Drama, Adventure, Fantasy",Movie,Hindi,,7,,7,,,7
897,Mard Ko Dard Nahi Hota,"Drama, Comedy, Action",Movie,Hindi,,7,,7,,,7
896,Mimi,"Drama, Comedy",Movie,Hindi,,7,,7,7,,7
895,Mission: Impossible 2,"Adventure, Action, Thriller",Movie,English,,7,,7,,,7
894,Mission: Impossible III,"Adventure, Action, Thriller",Movie,English,,7,,7,,,7
893,Thappad,Drama,Movie,Hindi,,7,,7,,,7
892,Despicable Me 2,"Comedy, Feel Good",Animated Movie,English,,7,7,7,,,7
891,Shrek 2,"Comedy, Adventure, Fantasy",Animated Movie,English,,7,7,7,,,7
890,Fantastic Beasts: Secrets Of Dumbledore,"Action, Crime, Thriller",Movie,English,,7,6.5,7,,,6.83
889,Ghost Rider : Spirit Of Vengeance,"Action, Fantasy, Thriller",Movie,English,,7,6.5,7,,,6.83
888,Sonic The HedgeHog 2,"Comedy, Adventure, Action",Movie,English,,7,6.5,7,,,6.83
887,The Chronicles of Narnia: The Voyage of the Dawn Treader,"Adventure, Fantasy, Magic",Movie,English,,7,6.5,7,,,6.83
886,Wonder Woman 1984,"Adventure, Action, Fantasy, SuperPowers",Movie,English,,7,6.5,7,,,6.83
885,Raazi,"Drama, Thriller, War",Movie,Hindi,,7,,7,6.5,,6.83
884,Neerja,"Drama, Thriller, Real Incident",Movie,Hindi,,7,7,7,6,7,6.8
883,Raid,"Drama, Action, Crime",Movie,Hindi,,7,,7,5.5,7.5,6.75
882,Annabelle Comes Home,"Horror, Thriller, Mystery, Gods & Demons",Movie,English,,7,6,7,,,6.67
798,Maze Runner,"Adventure, Sci-Fi, Thriller",Movie,English,,7,9.5,7,,,7.83
797,Dune,"Action, Fantasy, Sci-Fi, Thriller",Movie,English,,7,8,7,,9,7.75
796,Transformers: Age of Extinction,"Adventure, Action, Sci-Fi",Movie,English,,7,8.5,7,,,7.5
795,Ant-Man ,"Comedy, Action, Sci-Fi, SuperPowers",Movie,English,,7,7,7,7,8,7.2
794,Iron Man 2 ,"Adventure, Action, Sci-Fi",Movie,English,,7,7,7,7,,7
788,Avengers: Age of Ultron ,"Action, Sci-Fi, Thriller, SuperPowers",Movie,English,,7,8,7,8,,7.5
786,Krrish,"Drama, Action, Sci-Fi",Movie,Hindi,,7,9,7,6.5,6.5,7.2
778,Captain America: The First Avenger ,"Action, Sci-Fi, Thriller, SuperPowers",Movie,English,,7,10,7,7.5,8,7.9
777,Ocean's 8,"Comedy, Sci-Fi, Thriller",Movie,English,,7,10,7,,7.5,7.88
776,Men In Black 2,"Comedy, Action, Sci-Fi",Movie,English,,7,8.5,7,,,7.5
775,2012,"Sci-Fi, Thriller",Movie,English,,7,8,7,,,7.33
774,Godzilla vs Kong,"Action, Sci-Fi, Thriller",Movie,English,,7,8,7,,,7.33
773,Transformers,"Adventure, Action, Sci-Fi",Movie,English,,7,8,7,,,7.33
772,Transformers: Dark of the Moon,"Adventure, Action, Sci-Fi",Movie,English,,7,8,7,,,7.33
771,SpiderMan 2,"Adventure, Action, Sci-Fi, SuperPowers",Movie,English,,7,8,7,,7,7.25
770,Venom,"Action, Sci-Fi, Thriller",Movie,English,,7,8,7,,7,7.25
769,SpiderMan 1,"Adventure, Action, Sci-Fi, SuperPowers",Movie,English,,7,8,7,7,7,7.2
768,Transformers: Revenge of the Fallen,"Adventure, Action, Sci-Fi",Movie,English,,7,7.5,7,,,7.17
767,SpiderMan 3,"Adventure, Action, Sci-Fi, SuperPowers",Movie,English,,7,7,7,,7,7
766,Attack: Part 1,"Action, Sci-Fi, Thriller",Movie,Hindi,,7,,7,,7,7
765,The Hunger Games: Catching Fire,"Adventure, Action, Sci-Fi",Movie,English,,7,,7,,,7
748,Dil Chahta Hai,"Drama, Comedy, Romance",Movie,Hindi,,7,,6.5,8.5,,7.33
743,Shrek,"Comedy, Adventure, Fantasy",Animated Movie,English,,7,7,6.5,,,6.83
742,NH10,"Drama, Action, Thriller",Movie,Hindi,,7,,6.5,,,6.75
725,Ramaiya Vastavaiya,"Drama, Comedy, Romance",Movie,Hindi,,7,9,6,6.5,,7.13
724,Himmatwala,"Drama, Romance, Action",Movie,Hindi,,7,7,6,,,6.67
723,Kaho Naa... Pyaar Hai,"Drama, Romance, Action",Movie,Hindi,,7,7,6,6.5,,6.63
722,Main Tera Hero,"Comedy, Romance",Movie,Hindi,,7,7,6,6.5,,6.63
721,Kaabil,"Drama, Romance, Thriller",Movie,Hindi,,7,6.5,6,,7,6.63
720,Kis Kisko Pyaar Karoon,"Drama, Comedy, Romance",Movie,Hindi,,7,7,6,6,7,6.6
719,Fashion,"Drama, Romance",Movie,Hindi,,7,6.5,6,,,6.5
718,Dear Zindagi,"Drama, Romance",Movie,Hindi,,7,,6,6.5,,6.5
717,Tanu Weds Manu: Returns,"Drama, Comedy, Romance",Movie,Hindi,,7,,6,,,6.5
716,Housefull 2,"Drama, Comedy, Romance",Movie,Hindi,,7,6.5,6,,6,6.38
715,Sandwich,"Comedy, Romance",Movie,Hindi,,7,,6,6,,6.33
695,Jumanji 2 : Welcome to the jungle,"Comedy, Adventure, Fantasy",Movie,English,,7,10,6,,,7.67
687,Fantastic Beasts: Crimes Of Grindelwald,"Drama, Adventure, Fantasy",Movie,English,,7,9.5,6,,,7.5
686,Fukrey,"Drama, Comedy",Movie,Hindi,,7,8,6,7.5,9,7.5
685,Hichki,"Drama, Life",Movie,Hindi,,7,8.5,6,,8,7.38
684,A Wednesday!,"Drama, Thriller",Movie,Hindi,,7,7.5,6,8,8,7.3
683,Ramayana: The Epic,"Adventure, Action",Movie,Hindi,,7,8,6,,,7
682,Chandni Chowk to China,"Comedy, Adventure, Action",Movie,Hindi,,7,7.5,6,,7,6.88
681,Gully Boy,"Drama, Musical",Movie,Hindi,,7,,6,,7.5,6.83
680,Stanley Ka Dabba,"Drama, Life",Movie,Hindi,,7,,6,,,6.5
679,1920,"Horror, Thriller",Movie,Hindi,,7,,6,,,6.5
678,Pari,"Drama, Horror, Thriller, History",Movie,Hindi,,7,,6,,,6.5
677,Nil Battey Sannata,"Drama, Comedy",Movie,Hindi,,7,,6,,,6.5
676,Wazir,"Drama, Crime, Thriller",Movie,Hindi,,7,,6,,,6.5
675,Hotel Transylvania 3,"Drama, Comedy, Adventure",Animated Movie,English,,7,6,6,,,6.33
658,Dostana,"Drama, Comedy",Movie,Hindi,,7,,6,,,6.5
622,The Amazing Spiderman 2,"Adventure, Action, Sci-Fi, SuperPowers",Movie,English,,7,10,6,,8,7.75
619,Edge of Tomorrow,"Action, Sci-Fi, Thriller, War",Movie,English,,7,9,6,,8,7.5
618,"Guardians of the Galaxy, Vol. 2","Comedy, Adventure, Action, Sci-Fi",Movie,English,,7,7,6,7,8,7
617,The Hunger Games: Mockingjay Part 1,"Adventure, Action, Sci-Fi",Movie,English,,7,,6,,,6.5
616,The Hunger Games: Mockingjay Part 2,"Adventure, Action, Sci-Fi",Movie,English,,7,,6,,,6.5
596,Vivah,"Drama, Romance",Movie,Hindi,,7,9,5,6.5,5,6.5
595,Hum Tum,"Drama, Comedy, Romance",Movie,Hindi,,7,,5,,,6
589,Happy New Year,"Drama, Comedy, Action",Movie,Hindi,,7,7,5,,7,6.5
569,Terminator : Genisys,"Adventure, Action, Sci-Fi",Movie,English,,7,8.5,5,,,6.83
511,Assassination Classroom,"Drama, Comedy, Action, Thriller, SuperPowers",Animated Series,Japanese,2,7,9,,,,8
510,The Promised Neverland,"Fantasy, Thriller, Mystery, Gods & Demons, Magic",Animated Series,Japanese,2,7,8.5,,,7,7.5
509,Death Parade,"Life, Fantasy, Thriller, Mystery, Dark Comedy, Magic",Animated Series,Japanese,1,7,8.5,,,7,7.5
508,My Hero Academia,"Comedy, Action, Sci-Fi, SuperPowers",Animated Series,Japanese,8,7,8,,,8.5,7.83
507,Seven Deadly Sins,"Comedy, Action, Fantasy, Gods & Demons, Isekai",Animated Series,Japanese,4,7,8,,,7,7.33
506,Re:Zero,"Drama, Fantasy, Thriller, Mystery, Magic, Isekai",Animated Series,Japanese,3,7,,,,,7
505,Classroom of Elite,"Drama, Mystery",Animated Series,Japanese,2,7,,,,,7
504,DeadMan Wonderland,"Action, Sci-Fi, Horror",Animated Series,Japanese,1,7,,,,,7
503,Platinum End,"Drama, Fantasy",Animated Series,Japanese,1,7,,,,,7
482,Lakshya,"Drama, Romance, War",Movie,Hindi,,7,9,,8,,8
481,Dream Girl,"Drama, Comedy, Romance",Movie,Hindi,,7,,,,8,7.5
480,Arjun Patiala,"Drama, Comedy, Romance",Movie,Hindi,,7,,,,,7
479,Dil Maange More,"Drama, Comedy, Romance",Movie,Hindi,,7,,,,,7
478,Honeymoon Travels Pvt Ltd,"Drama, Comedy, Romance",Movie,Hindi,,7,,,,,7
477,Malang,"Romance, Action, Thriller",Movie,Hindi,,7,,,7,,7
476,Dhobi Ghat,"Drama, Romance",Movie,Hindi,,7,6.5,,,,6.75
391,Gen V,"Drama, Action, Sci-Fi",Series,English,1,7,,,,8.5,7.75
390,Panchayat,"Drama, Comedy",Series,Hindi,2,7,,,8,8,7.67
384,Daredevil,"Action, Sci-Fi, Crime, Thriller, SuperPowers",Series,English,3,7,,,,8,7.5
383,The Flash,"Adventure, Action, Sci-Fi, SuperPowers",Series,English,9,7,8,,,7,7.33
381,Werewolf By Night,"Action, Fantasy, Horror, Magic, SuperPowers",Shorts,English,,7,,,,7,7
380,Dark,"Sci-Fi, Thriller, Mystery",Series,English,4,7,,,,,7
379,Titans,"Drama, Adventure, Action",Series,English,4,7,,,,,7
378,Invincible,"Drama, Action",Series,English,3,7,,,,,7
377,Ghoul,"Horror, Thriller, Mystery",Series,Hindi,1,7,,,,,7
302,Shang-Chi and the Legend of the Ten Rings ,"Adventure, Action, Fantasy, SuperPowers",Movie,English,,7,9,,8,9,8.25
301,The Dictator,"Comedy, Feel Good",Movie,English,,7,9.5,,,8,8.17
300,Gangs of Wasseypur Part 2,"Drama, Action, Crime",Movie,Hindi,,7,,,8.5,9,8.17
299,Gangs of Wasseypur Part 1,"Drama, Action, Crime",Movie,Hindi,,7,8,,8.5,9,8.13
298,OMG 2,"Drama, Comedy",Movie,Hindi,,7,6.5,,,10,7.83
297,Dunki,"Drama, Comedy",Movie,Hindi,,7,8.5,,,,7.75
296,KunguFu Panda 4,"Comedy, Action, Magic",Movie,English,,7,7.5,,9,7,7.63
294,Pixels,"Comedy, Action, Sci-Fi",Movie,English,,7,7.5,,,,7.25
293,Pathaan,"Drama, Action, Thriller",Movie,Hindi,,7,,,,7.5,7.25
292,Prisoners,"Drama, Thriller, Mystery",Movie,English,,7,,,7.5,7,7.17
291,Haider,"Drama, Crime, Thriller",Movie,Hindi,,7,7,,,,7
287,3 of Us,"Drama, Life",Movie,Hindi,,7,,,,,7
286,Salaam Bacche,"Drama, Life, Feel Good",Movie,Hindi,,7,,,,,7
285,Hide And Seek,"Drama, Thriller, Mystery",Movie,Korean,,7,,,,,7
284,BrightBurn,"Drama, Sci-Fi, Horror",Movie,English,,7,,,,,7
283,Ek Thi Daayan,"Horror, Thriller, Mystery",Movie,Hindi,,7,,,,,7
281,Aabra Ka Daabra,"Drama, Adventure, Fantasy",Movie,Hindi,,7,,,,,7
280,Chup,"Drama, Crime, Thriller",Movie,Hindi,,7,,,,,7
279,Good Lucky Jerry,"Drama, Comedy, Crime",Movie,Hindi,,7,,,,,7
278,Kathal,"Drama, Comedy",Movie,Hindi,,7,,,,,7
277,Loop Lapeta,"Drama, Comedy, Thriller",Movie,Hindi,,7,,,,,7
276,Mere Dad Ki Maruti,"Drama, Comedy",Movie,Hindi,,7,,,,,7
275,Mithya,"Drama, Thriller",Movie,Hindi,,7,,,,,7
274,One Two Three,"Comedy, Action",Movie,Hindi,,7,,,,,7
273,Suraj pe Mangal Bhaari,"Drama, Comedy",Movie,Hindi,,7,,,,,7
272,Table No. 21,"Drama, Thriller",Movie,Hindi,,7,,,,,7
271,Thank God ,"Drama, Comedy, Fantasy",Movie,Hindi,,7,,,,,7
270,Boss Baby 2,"Drama, Comedy, Feel Good, Fantasy",Animated Movie,English,,7,7,,,,7
269,Nobody,"Drama, Action, Thriller",Movie,English,,7,,,6.5,7,6.83
267,Jaane Jaan,"Drama, Thriller, Mystery",Movie,Hindi,,7,,,,6.5,6.75
266,We Are Family,Drama,Movie,Hindi,,7,,,,6.5,6.75
265,The Number 23,"Drama, Thriller, Mystery",Movie,English,,7,,,6.5,,6.75
264,Black Adam,"Action, Sci-Fi, Thriller, SuperPowers",Movie,English,,7,6,,,,6.5
263,Bunty aur Babli,"Drama, Comedy, Crime",Movie,Hindi,,7,6,,,,6.5
262,Race 2,"Action, Crime, Thriller",Movie,Hindi,,7,5.5,,,7,6.5
261,Lootcase,"Drama, Comedy, Crime",Movie,Hindi,,7,,,,6,6.5
260,Puss In Boots,"Comedy, Adventure",Animated Movie,English,,7,8,,9,,
52,Ginny weds Sunny,"Comedy, Romance, Drama, Life",Movie,Hindi,,7,,,6,,6.5
1904,Gori Tere Pyaar Mein,"Drama, Life, Romance, Comedy",Movie,Hindi,,6.5,,,,,6.5
1889,Deewane Huyee Paagal,"Drama, Comedy",Movie,Hindi,,6.5,,,,,6.5
1876,Sitaare Zameen Par,"Drama, Life, Feel Good, Comedy, Sports",Movie,Hindi,,6.5,,,,7,6.75
1839,Captain America: Brave New World,"Action, SuperPowers",Movie,English,,6.5,,,,6,6.25
1740,Jigra,"Life, Drama, Action, Crime, Thriller",Movie,Hindi,,6.5,,,,,6.5
1718,Bhoothakaalam,"Drama, Life, Horror",Movie,Malyalam,,6.5,,,,,6.5
1257,Before Sunrise,"Drama, Romance",Movie,English,,6.5,,10,,,8.25
1195,OK Jaanu,"Drama, Romance",Movie,Hindi,,6.5,,8,,,7.25
1078,Thor ,"Adventure, Action, Gods & Demons, SuperPowers",Movie,English,,6.5,7,7.5,7.5,,7.13
1050,Ant-Man and the Wasp ,"Comedy, Action, Sci-Fi, SuperPowers",Movie,English,,6.5,7,7.5,7,7,7
1014,Joker (Bollywood),"Drama, Romance",Movie,Hindi,,6.5,8,7,,,7.17
1013,Housefull,"Drama, Comedy, Romance",Movie,Hindi,,6.5,7,7,,8,7.13
1012,Ready,"Comedy, Romance",Movie,Hindi,,6.5,7,7,6.5,7,6.8
1011,Bodyguard,"Comedy, Romance, Action",Movie,Hindi,,6.5,7,7,7,6.5,6.8
881,Phir Hera Pheri,"Drama, Comedy",Movie,Hindi,,6.5,7,7,,9,7.38
880,No Entry,"Drama, Comedy",Movie,Hindi,,6.5,7,7,8,,7.13
879,Thor: The Dark World ,"Adventure, Action, Gods & Demons, SuperPowers",Movie,English,,6.5,6.5,7,7.5,,6.88
714,Khiladi 786,"Drama, Comedy, Romance, Action",Movie,Hindi,,6.5,6,6,,7,6.38
713,Yaariyan,"Drama, Romance, Musical",Movie,Hindi,,6.5,6,6,6.5,,6.25
712,Tanu Weds Manu,"Drama, Comedy, Romance",Movie,Hindi,,6.5,,6,6.5,6,6.25
711,Dhadak,"Drama, Romance, Musical",Movie,Hindi,,6.5,,6,,,6.25
674,Phata Poster Nikhla Hero,"Drama, Comedy, Action",Movie,Hindi,,6.5,6,6,,7,6.38
673,Shazam!,"Comedy, Action, Fantasy",Movie,English,,6.5,6,6,,6.5,6.25
672,Annabelle: Creation,"Horror, Mystery",Movie,English,,6.5,,6,,,6.25
671,Besharam,"Drama, Comedy, Action",Movie,Hindi,,6.5,,6,,6,6.17
670,Tees Maar Khan,"Drama, Comedy, Action",Movie,Hindi,,6.5,5,6,,7,6.13
624,Teri baaton mei aisa uljha jiya,"Drama, Romance, Sci-Fi",Movie,Hindi,,6.5,6.5,6,,,6.33
615,Black Widow ,"Action, Sci-Fi, SuperPowers",Movie,English,,6.5,5,6,,7,6.13
588,Aquaman,"Comedy, Action, Gods & Demons, SuperPowers",Movie,English,,6.5,6,5,,,5.83
587,Aquaman 2,"Comedy, Action, Gods & Demons, SuperPowers",Movie,English,,6.5,5,5,,,5.5
568,Ms. Marvel,"Adventure, Action, Sci-Fi",Movie,English,,6.5,7,5,6,0,4.9
347,Umbrella Academy,"Drama, Fantasy, SuperPowers",Series,English,4,6.5,6,,,,6.25
259,Players,"Action, Thriller",Movie,Hindi,,6.5,8,,7,6.5,7
258,Evil Dead Rise (2023),Horror,Movie,English,,6.5,7,,,,6.75
257,Do Dooni Chaar,"Drama, Comedy",Movie,Hindi,,6.5,,,,7,6.75
256,Bazaar,"Drama, Crime, Thriller",Movie,Hindi,,6.5,,,,,6.5
255,Birds Of Prey,"Adventure, Action, Crime",Movie,English,,6.5,,,,,6.5
254,Chalaang,"Drama, Comedy, Sports",Movie,Hindi,,6.5,,,,,6.5
253,Leo,"Drama, Crime, Thriller",Movie,Tamil,,6.5,,,,,6.5
252,Zubeidaa,"Drama, Musical, Real Incident",Movie,Hindi,,6.5,,,,,6.5
251,7 Khoon Maaf,"Drama, Thriller, Mystery",Movie,Hindi,,6.5,5,,,,5.75
1866,Behind Her Eyes,"Magic, Mystery, Crime",Series,English,1,6,,,,,6
1853,A Bullet Train Explosion,"Drama, Action, Mystery, Crime",Movie,Japanese,,6,,,,,6
1852,Raid 2,"Drama, Mystery, Crime",Movie,Hindi,,6,,,,,6
1826,No Smoking,"Thriller, Mystery, Fantasy, Life",Movie,Hindi,,6,,,,7,6.5
1800,Garam Masala,"Drama, Comedy",Movie,Hindi,,6,,,,,6
1792,Unlocked,"Crime, Mystery",Movie,Korean,,6,,,,,6
1773,Fire Force,"Action, Fantasy, Gods & Demons, Magic",Animated Series,Japanese,2,6,8,,,,7
1748,Joko Anwar's Nightmares & Daydreams,"Fantasy, Sci-Fi, Horror, Mystery, Gods & Demons, Magic",Series,Indonesian,1,6,7.5,,,,6.75
1724,Do Patti,"Drama, Romance, Fantasy",Movie,Hindi,,6,,,,,6
1713,Raees,"Drama, Action, Crime",Movie,Hindi,,6,,5,,7,6
1710,Rocky Aur Rani ki Prem Kahani,"Drama, Comedy, Life, Romance",Movie,Hindi,,6,7,,,,6.5
1705,CTRL,"Drama, Sci-Fi, Life, Different",Movie,Hindi,,6,,,,,6
1703,Monster,"Crime, Thriller",Movie,English,,6,,,,,6
1694,Emoji Movie,"Comedy, Life, Adventure, Different",Animated Movie,English,,6,7,5,,,6
1657,Ungli,"Drama, Life, Crime, Comedy",Movie,Hindi,,6,,,,,6
1511,Badi Door Se Aye Hain,"Drama, Comedy, Feel Good",Series,Hindi,1,6,8,1,,,5
1501,X-Men : 8 - Dark Phoenix,"Action, Sci-Fi, SuperPowers",Movie,English,,6,6.5,6,,,6.17
1495,X-Men : 4 - Origins Wolverine,"Adventure, Action, Sci-Fi, SuperPowers",Movie,English,,6,9.5,7,,,7.5
1331,Cars 3,"Comedy, Feel Good, Sports",Movie,English,,6,6.5,,,,6.25
1280,Hawkeye,"Drama, Adventure, Action",Series,English,1,6,6,7,8,7,6.8
1273,Tokyo Ghoul,"Action, Horror, Thriller, Gods & Demons",Animated Series,Japanese,3,6,,6,,7,6.33
1268,She-Hulk: Attorney at Law,"Drama, Comedy, Action",Series,English,1,6,6.5,5,,0,4.38
1077,Jolly LLB 2,"Drama, Comedy",Movie,Hindi,,6,7.5,7.5,7,8,7.2
1076,Cars 2,"Comedy, Feel Good, Sports",Animated Movie,English,,6,8,7.5,7,,7.13
1010,2 States,"Drama, Comedy, Romance",Movie,Hindi,,6,,7,7.5,7,6.88
1009,Kyo Kii Main Jhuth Nahin Bolta,"Drama, Comedy, Romance",Movie,Hindi,,6,,7,7,,6.67
1008,Bajirao Mastani,"Drama, Romance, History",Movie,Hindi,,6,7,7,6.5,,6.63
878,Chhichhore,"Drama, Comedy, Life",Movie,Hindi,,6,,7,8.5,10,7.88
877,Super Mario Bros,"Comedy, Adventure, Fantasy",Animated Movie,English,,6,8.5,7,,,7.17
876,Rush Hour 2,"Comedy, Crime",Movie,English,,6,8,7,,7,7
875,Baby,"Action, Crime, Thriller",Movie,Hindi,,6,,7,7.5,7.5,7
874,Madagascar 2,"Comedy, Adventure",Animated Movie,English,,6,8,7,,,7
873,The Good Dinosaur,"Drama, Feel Good, Adventure",Animated Movie,English,,6,7.5,7,,,6.83
764,Transformers: The Last Knight,"Adventure, Action, Sci-Fi",Movie,English,,6,9,7,,,7.33
747,Badrinath Ki Dulhania,"Drama, Comedy, Romance",Movie,Hindi,,6,,6.5,6.5,,6.33
741,Trapped,"Drama, Thriller",Movie,Hindi,,6,6.5,6.5,,,6.33
740,Ferrari Ki Sawaari,"Drama, Comedy",Movie,Hindi,,6,,6.5,,6.5,6.33
739,Helicopter Eela,"Drama, Comedy",Movie,Hindi,,6,,6.5,,,6.25
710,Toilet: Ek Prem Katha,"Drama, Comedy, Romance, Feel Good",Movie,Hindi,,6,7.5,6,,7,6.63
709,Ae Dil Hai Mushkil,"Drama, Romance, Musical",Movie,Hindi,,6,,6,8,6,6.5
708,Vicky Donor,"Drama, Comedy, Romance",Movie,Hindi,,6,,6,7,7,6.5
707,Mujhse Shaadi Karogi,"Drama, Comedy, Romance",Movie,Hindi,,6,6,6,7.5,,6.38
706,Dum Laga Ke Haisha,"Drama, Comedy, Romance",Movie,Hindi,,6,7,6,6,6.5,6.3
705,Ek Tha Tiger,"Romance, Action, Thriller",Movie,Hindi,,6,6,6,6,7,6.2
704,Prem Ratan Dhan Payo,"Drama, Romance",Movie,Hindi,,6,,6,,6,6
703,Dolly Ki Doli,"Drama, Comedy, Romance",Movie,Hindi,,6,,6,,,6
702,Nautanki Saala,"Comedy, Romance",Movie,Hindi,,6,,6,,,6
701,R... Rajkumar,"Comedy, Romance, Action",Movie,Hindi,,6,,6,,,6
700,Sui Dhaaga,"Drama, Life, Romance",Movie,Hindi,,6,,6,,,6
699,Thank You,"Drama, Comedy, Romance",Movie,Hindi,,6,,6,,,6
698,Judwaa 2,"Comedy, Romance, Action",Movie,Hindi,,6,5,6,,,5.67
669,Bhaag Milkha Bhaag,"Drama, Sports, Real Incident",Movie,Hindi,,6,6,6,9,10,7.4
668,Jajantaram Mamantaram,"Drama, Adventure, Fantasy",Movie,Hindi,,6,9.5,6,8,,7.38
667,KGF 2,"Drama, Action, Thriller",Movie,Kannada,,6,,6,,9,7
666,Dhoom 1,"Action, Crime, Thriller",Movie,Hindi,,6,8,6,6.5,7,6.7
665,The Lego Movie 2,"Comedy, Adventure, Action, SuperPowers",Animated Movie,English,,6,8,6,,,6.67
664,Dabangg,"Drama, Comedy, Action",Movie,Hindi,,6,,6,6.5,7,6.38
663,Golmaal Again,"Drama, Comedy, Feel Good",Movie,Hindi,,6,7,6,,,6.33
662,Pad Man,"Drama, Comedy, Real Incident",Movie,Hindi,,6,7,6,,,6.33
661,Paathshaala,"Drama, Life",Movie,Hindi,,6,6,6,,,6
660,Bhoothnath Returns,"Drama, Comedy, Fantasy",Movie,Hindi,,6,6,6,,6,6
659,Agneepath (2012),"Drama, Action, Thriller",Movie,Hindi,,6,,6,,,6
657,Fukrey 2,"Drama, Comedy",Movie,Hindi,,6,,6,,,6
656,No One Killed Jessica,"Drama, Crime, Thriller",Movie,Hindi,,6,,6,,,6
655,Pihu,"Drama, Thriller",Movie,Hindi,,6,,6,,,6
654,Teen Titans Go! To the Movies,"Comedy, Action, SuperPowers",Movie,English,,6,,6,,,6
653,My Friend Ganesha 2,"Drama, Fantasy",Animated Movie,Hindi,,6,6,6,,,6
652,Thor: Love And Thunder,"Adventure, Action, Gods & Demons, SuperPowers",Movie,English,,6,5,6,6.5,,5.88
651,Atithi Tum Kab Jaoge?,"Drama, Comedy",Movie,Hindi,,6,6,6,3.5,7,5.7
650,Bumm Bumm Bole,"Drama, Life",Movie,Hindi,,6,5,6,,,5.67
649,Laxmii,"Drama, Comedy, Horror",Movie,Hindi,,6,5,6,,,5.67
648,Brothers,"Drama, Action, Sports",Movie,Hindi,,6,5,6,,,5.67
614,Bumblebee,"Action, Sci-Fi, Thriller, SuperPowers",Movie,English,,6,7,6,,,6.33
613,Captain Marvel ,"Comedy, Action, Sci-Fi, SuperPowers",Movie,English,,6,7,6,6,6,6.2
612,Green Lantern,"Adventure, Action, Sci-Fi",Movie,English,,6,6,6,,,6
611,Venom Let There Be Carnage,"Action, Sci-Fi, Thriller",Movie,English,,6,5,6,,6,5.75
594,I hate luv stories,"Drama, Comedy, Romance",Movie,Hindi,,6,6,5,5,,5.5
593,Padmavat,"Drama, Romance, History",Movie,Hindi,,6,,5,5.5,,5.5
592,Good Newwz,"Drama, Comedy, Romance",Movie,Hindi,,6,5,5,5,6,5.4
586,Angry Birds 2,"Comedy, Feel Good, Fantasy, Different, SuperPowers",Animated Movie,English,,6,9.5,5,,,6.83
585,John Wick 3,"Action, Horror, Crime",Movie,English,,6,6,5,,9,6.5
584,My Friend Ganesha 3,"Drama, Fantasy",Animated Movie,Hindi,,6,7,5,,,6
583,Fan ,"Drama, Thriller",Movie,Hindi,,6,5.5,5,,,5.5
571,Men In Black - International,"Comedy, Action, Sci-Fi",Movie,English,,6,9,5,,,6.67
502,Rising of The Shield Hero,"Action, Fantasy, Gods & Demons, Magic, Isekai",Animated Series,Japanese,3,6,9.5,,,,7.75
501,Belle,"Drama, Romance, Musical",Animated Movie,Japanese,,6,,,,,6
500,Bubble,"Drama, Sci-Fi",Animated Movie,Japanese,,6,,,,,6
499,Vinland Saga,"Drama, Action, War, History",Animated Series,Japanese,2,6,8.5,,,8,7.5
473,Tu Jhooti Mai Makkar,"Comedy, Romance",Movie,Hindi,,6,7,,,7,6.67
471,Dev D,"Drama, Romance, Musical",Movie,Hindi,,6,,,,,6
470,Roadside Romeo,"Drama, Romance",Animated Movie,Hindi,,6,,,,,6
369,Sacred Games,"Drama, Crime, Thriller",Series,Hindi,2,6,,,,7,6.5
249,Billu Barber,"Drama, Comedy, Musical",Movie,Hindi,,6,7,,,,6.5
248,F.A.L.T.U,"Drama, Comedy",Movie,Hindi,,6,7,,,,6.5
247,Transformers: Rise of the Beasts,"Adventure, Action, Sci-Fi",Movie,English,,6,7,,,,6.5
244,Vaah! Life Ho Toh Aisi!,"Drama, Comedy",Movie,Hindi,,6,6,,6,6,6
242,Confession Of A Murder,"Crime, Thriller, Mystery",Movie,Korean,,6,,,,,6
241,Exhuma,"Horror, Thriller, Mystery",Movie,Hindi,,6,,,,,6
240,Kaalo,"Horror, Thriller",Movie,Hindi,,6,,,,,6
239,Darlings,"Drama, Comedy, Thriller",Movie,Hindi,,6,,,6,,6
238,Hereditary,"Drama, Thriller, Mystery",Movie,English,,6,,,,,6
237,Hypnotic,"Drama, Thriller, Mystery",Movie,English,,6,,,,,6
236,Zokkomon,"Drama, Adventure, Fantasy",Movie,Hindi,,6,,,,,6
234,Disturbia,"Thriller, Mystery",Movie,English,,6,,,,5,5.5
233,Madgaon Express,"Drama, Crime",Movie,Hindi,,6,,,1,6,4.33
1898,Mahavatar Narsimha,"Drama, Gods & Demons",Animated Movie,Hindi,,5,,,,,5
1851,A Thursday,"Drama, Crime, Mystery",Movie,Hindi,,5,,5,,7,5.67
1850,Fresh,"Crime, Mystery, Action",Movie,English,,5,,3,,,4
1849,Crazxy,"Drama, Crime, Different, Mystery",Movie,Hindi,,5,,,,,5
1814,Be Happy,"Drama, Life, Feel Good",Movie,Hindi,,5,,,,,5
1799,Hulchul,"Drama, Comedy",Movie,Hindi,,5,,7,,8.5,6.83
1793,Hungama,"Drama, Comedy",Movie,Hindi,,5,,6,,8.5,6.5
1761,Army Of Thieves,"Crime, Thriller, Comedy",Movie,English,,5,,,,,5
1755,Venom The Last Dance,"Action, Sci-Fi, SuperPowers",Movie,English,,5,6,,,,5.5
1709,Sajini shinde ka viral video,"Drama, Life",Movie,Hindi,,5,,,,,5
1531,Phir Aayi Haseen Dilruba,"Drama, Crime, Mystery",Movie,Hindi,,5,,,6,5,5.33
1502,The New Mutants,"Adventure, Action, Sci-Fi, Thriller, SuperPowers",Movie,English,,5,5,,,,5
1075,Golmaal 3,"Drama, Comedy, Feel Good",Movie,Hindi,,5,6,7.5,,8,6.63
1006,Khoobsurat,"Drama, Comedy, Romance",Movie,Hindi,,5,,7,,,6
872,Spirited Away,"Drama, Fantasy, Different, Gods & Demons, Magic",Animated Movie,Japanese,,5,10,7,,,7.33
871,Kick,"Drama, Comedy, Action",Movie,Hindi,,5,4,7,5,6,5.4
697,ABCD 2,"Drama, Romance, Musical",Movie,Hindi,,5,6,6,6.5,,5.88
696,Bol Bachchan,"Drama, Comedy, Romance",Movie,Hindi,,5,5,6,,6.5,5.63
647,John Wick 4,"Action, Horror, Crime",Movie,English,,5,7.5,6,,9,6.88
646,Despicable Me 3,"Comedy, Feel Good",Animated Movie,English,,5,7,6,,,6
610,Morbius,"Action, Sci-Fi, Horror",Movie,English,,5,5,6,,,5.33
599,No Problem,"Drama, Comedy",Movie,Hindi,,5,,5.5,,,5.25
591,Mere Brother Ki Dulhan,"Drama, Comedy, Romance",Movie,Hindi,,5,,5,,,5
582,The Truman Show,"Drama, Comedy, Life, Feel Good",Movie,English,,5,9.5,5,,,6.5
581,A Flying Jatt,"Comedy, Action, Fantasy",Movie,Hindi,,5,4,5,,6,5
580,Saaho,"Adventure, Action, Thriller",Movie,Telugu,,5,,5,,,5
498,Naruto,"Comedy, Feel Good, Action, Fantasy, Magic",Animated Series,Japanese,9,5,♾️,,,7,♾️
497,Darlin in the franxx,"Romance, Action, Sci-Fi, War, SuperPowers",Animated Series,Japanese,1,5,7.5,,,,6.25
496,Sword Art Online,"Action, Fantasy, Thriller, Different, Magic",Animated Series,Japanese,4,5,7.5,,,6,6.17
468,Action Replayy,"Comedy, Romance, Sci-Fi",Movie,Hindi,,5,8,,,,6.5
467,Radhe Shyam,"Drama, Romance, Fantasy",Movie,Hindi,,5,,,,,5
231,Rise Of The Guardians ,"Drama, Adventure, Fantasy",Animated Movie,English,,5,8,,,,6.5
230,Extreme Job,"Comedy, Feel Good, Crime",Movie,Korean,,5,7,,,,6
229,Badmaash Company,"Drama, Comedy, Crime",Movie,Hindi,,5,,,,7,6
228,Patiala House,"Drama, Sports",Movie,Hindi,,5,,,,7,6
227,Dhamaka,"Drama, Thriller",Movie,Hindi,,5,,,6.5,,5.75
225,Dabbe: Curse Of The Jin,"Horror, Thriller, Mystery",Movie,Hindi,,5,,,,,5
224,Raaz 3: The Third Dimension,"Horror, Thriller",Movie,Hindi,,5,,,,,5
223,Kaminey,"Drama, Action, Thriller",Movie,Hindi,,5,,,,,5
1706,Platform 2,"Drama, Fantasy, Mystery",Movie,English,,4,,1,,,2.5
609,Krrish 3,"Drama, Action, Sci-Fi",Movie,Hindi,,4,6,6,5.5,5,5.3
495,Naruto : Shippuden,"Feel Good, Action, Fantasy, Thriller, Gods & Demons, Magic",Animated Series,Japanese,9,4,♾️,,,7,♾️
494,Fairy Tail,Thriller,Animated Series,Japanese,9,4,,,,,4
493,Jojo's Bizzare Adventure,"Action, Fantasy",Animated Series,Japanese,5,4,,,,,4
492,Nichijou,"Comedy, Life",Animated Series,Japanese,1,4,,,,,4
491,Robotic; Notes,"Drama, Sci-Fi, Thriller",Animated Series,Japanese,1,4,,,,,4
466,Rascals,"Comedy, Romance",Movie,Hindi,,4,,,,,4
222,Toonpur Ka Superrhero,"Comedy, Feel Good, Adventure",Movie,Hindi,,4,7,,,5,5.33
221,Aavesham,"Drama, Comedy, Life",Movie,Malyalam,,4,,,,,4
219,The Whole Truth,"Drama, Thriller, Mystery",Movie,Thai,,4,,,,,4
117,Asur,"Crime, Thriller, Mystery",Series,Hindi,2,3,,,6,4,4.33
1893,The Conjuring: Last Rites,Horror,Movie,English,,2,,5,,,3.5
1681,Uglies,"Drama, Sci-Fi, Fantasy",Movie,English,,2,3,,,,2.5
579,Happy Death Day,"Comedy, Horror, Mystery",Movie,English,,2,3,5,,,3.33
567,The Marvels,"Adventure, Action, Sci-Fi, SuperPowers",Movie,English,,2,6,5,,,4.33
1810,Baby John,"Drama, Romance, Action, Crime",Movie,Hindi,,1,,,,3,2
1759,Bhool Bhulaiya 3,Comedy,Movie,Hindi,,1,,,,,1
1741,Vicky Vidya Ka Woh Wala Video,"Drama, Comedy, Life",Movie,Hindi,,1,,,,,1
566,Creature,"Sci-Fi, Horror, Thriller",Movie,Hindi,,1,3,5,5,,3.5
557,Patema Inverted,"Fantasy, Sci-Fi",Animated Movie,Japanese,,1,,5,,,3
556,Humshakals,"Drama, Comedy",Movie,Hindi,,1,2,4,,5,3
553,Shaapit,"Romance, Horror, Thriller",Movie,Hindi,,1,,2,,,1.5
551,Jaani Dushman: Ek Anokhi Kahani,"Action, Fantasy, Horror",Movie,Hindi,,1,4,1,,,2
550,The Conjuring: The Devil Made Me Do It,"Horror, Thriller, Mystery",Movie,English,,1,3,1,,,1.67
549,Krishna Cottage,"Drama, Horror, Thriller",Movie,Hindi,,1,2,1,,,1.33
546,The Nun,"Horror, Thriller, Mystery",Movie,English,,1,1,0,,,0.67
218,Hisss,"Fantasy, Horror",Movie,Hindi,,1,2,,,,1.5
1903,Saiyaara,Romance,Movie,Hindi,,,,6,,,6
1902,The Life List,"Life, Romance, Comedy",Movie,English,,,,6,,,6
1901,Swiped,"Real Incident, Drama",Movie,English,,,,7,,,7
1895,Gunjan Saxena: The Kargil Girl,"War, Action, Real Incident",Movie,Hindi,,,,10,,,10
1894,Yodha,"Drama, Action, Thriller",Movie,Hindi,,,,,7,,7
1887,Half Girlfriend,"Romance, Drama",Movie,Hindi,,,,7,,,7
1886,The Incredibles 2,"SuperPowers, Feel Good",Animated Movie,English,,,,7.5,7,,7.25
1885,The Hangover 2,"Drama, Feel Good, Comedy, Classic",Movie,English,,,,,8.5,,8.5
1884,The Hangover,"Drama, Classic, Comedy, Feel Good",Movie,English,,,,,8,,8
1883,Natsamrat,"Drama, Life, Heartbreaking",Movie,Marathi,,,,9,,,9
1880,Hello,"Romance, Action",Movie,Telugu,,,,8,,,8
1879,Ride Your Wave,"Fantasy, Romance",Movie,Japanese,,,,6,,,6
1878,Aani Kay Hava,"Comedy, Life, Drama, Feel Good, Romance",Series,Marathi,3,,,6,,,6
1875,The Lunchbox,"Romance, Comedy",Movie,Hindi,,,,7,,,7
1874,The Amateur,"Thriller, Action",Movie,English,,,,5,,,5
1873,A Royal in Paradise,"Comedy, Romance",Movie,English,,,,8,,,8
1872,Mausam,Romance,Movie,Hindi,,,,5,,,5
1871,Jaat,Action,Movie,Hindi,,,,,3,,3
1869,The Aviator,"Adventure, Drama",Movie,English,,,,6,,,6
1868,The Shining,"Horror, Mystery",Movie,English,,,,6,,,6
1867,Kidnap,"Action, Thriller",Movie,English,,,,6,,,6
1865,The Parent Trap,Comedy,Movie,English,,,,6,,,6
1863,Kites,"Action, Romance",Movie,Hindi,,,,6.5,,,6.5
1862,Tum Mile,"Drama, Romance",Movie,Hindi,,,,6,,,6
1861,Scoob!,"Mystery, Adventure",Animated Movie,English,,,,7,,,7
1860,Wish Dragon,"Comedy, Feel Good",Animated Movie,English,,,,7,,,7
1859,Chi Va Chi Sau Ka ,"Comedy, Romance",Movie,Marathi,,,,8,,,8
1858,Tumse Na Ho Payega,"Drama, Life",Movie,Hindi,,,,6,,,6
1857,Hampi,"Drama, Life",Movie,Marathi,,,,6,,,6
1856,Vanilla Sky,Thriller,Movie,English,,,,6,,,6
1848,Jab Tak Hai Jaan,"Drama, Romance",Movie,Hindi,,,,6.5,,,6.5
1845,The Adjustment Bureau,"Thriller, Sci-Fi",Movie,English,,,,8.5,,,8.5
1844,Dil Bechara,"Romance, Drama",Movie,Hindi,,,,6.5,,6.5,6.5
1843,Wonder,"Life, Drama, Feel Good",Movie,English,,,,7,,,7
1842,Once Upon a Time... in Hollywood,"Thriller, Drama",Movie,English,,,,7,,,7
1841,Severance,Thriller,Series,English,2,,,,,,0
1840,The Last Thing He Told Me,"Thriller, Drama",Series,English,1,,,6,,,6
1838,Sweet Home Alabama,"Comedy, Romance",Movie,English,,,,1,,,1
1837,Tom and Jerry & The Wizard of Oz,"Fantasy, Action, Adventure",Animated Movie,English,,,,6,,,6
1836,Tom & Jerry: A Nutcracker Tale,"Fantasy, Adventure",Animated Movie,English,,,,7.5,,,7.5
1835,Tom and Jerry: Shiver Me Whiskers,"Action, Fantasy, Adventure",Animated Movie,English,,,,7.5,,,7.5
1834,Tom and Jerry Meet Sherlock Holmes,"Crime, Adventure, Mystery",Animated Movie,English,,,,7.5,,,7.5
1833,Tom And Jerry: The Magic Ring,"Adventure, Comedy, Action, Fantasy",Animated Movie,English,,,,7.5,,,7.5
1832,Tom and Jerry: The Fast and the Furry,"Action, Comedy, Feel Good",Animated Movie,English,,,,7.5,8,,7.75
1829,27 Dresses,"Comedy, Romance",Movie,English,,,,7,,,7
1828,Watching the Detectives,"Drama, Romance",Movie,English,,,,4,,,4
1827,Knight & Day,"Action, Comedy, Romance",Movie,English,,,,7,,,7
1824,Mona Lisa Smile,"Drama, Life",Movie,English,,,,7,,,7
1823,Raksha Bandhan,"Drama, Comedy",Movie,Hindi,,,,6,,,6
1822,Rocketry: The Nambi Effect,"Real Incident, Drama",Movie,Hindi,,,,5,,,5
1821,Clouds,"Musical, Romance",Movie,English,,,,8,,,8
1820,Aloha,"Romance, Comedy",Movie,English,,,,5,,,5
1819,Little Manhattan,"Romance, Life, Feel Good",Movie,English,,,,6,,,6
1818,8 Mile,"Real Incident, Drama, Musical",Movie,English,,,,,8,9,8.5
1817,Guest iin London,Comedy,Movie,Hindi,,,,7,,,7
1812,2001: A Space Odyssey,"Sci-Fi, Adventure",Movie,English,,,,7.5,,,7.5
1811,Sanam Teri Kasam,"Drama, Romance",Movie,Hindi,,,,6,,,6
1809,Dil Juunglee,"Romance, Comedy",Movie,Hindi,,,,2,,,2
1808,The Help,"Drama, History",Movie,English,,,,2,,,2
1807,Dead Poets Society,"Life, Drama, Comedy",Movie,English,,,,6,,,6
1806,Casino Royale,"Action, Drama, Adventure",Movie,English,,,,7,,,7
1805,Indian (2001) ,"Drama, Action",Movie,Hindi,,,,2,,,2
1804,Shivaay,"Action, Crime",Movie,Hindi,,,,1,,,1
1803,Ghayal Once Again,"Drama, Action",Movie,Hindi,,,,8,,,8
1798,A Walk to Remember,"Romance, Feel Good, Heartbreaking",Movie,English,,,,7,,,7
1797,Grave of the Fireflies,"War, Drama, Heartbreaking",Animated Movie,Japanese,,,,7,,,7
1796,Flow,Adventure,Animated Movie,English,,,,6,,,6
1795,Nadaaniyan,"Drama, Romance",Movie,Hindi,,,,1,,,1
1794,Ultimate Spider-Man,"Sci-Fi, SuperPowers, Action",Animated Series,English,4,,,7,,,7
1791,The Brutalist,"Drama, History",Movie,English,,,,6,,,6
1787,Piku,"Drama, Comedy",Movie,Hindi,,,,7,,,7
1785,Sonic The HedgeHog 3,"Comedy, Action, Adventure",Movie,English,,,9,,,,9
1784,Monty Python and the Holy Grail,"Comedy, Adventure",Movie,English,,,,7,,,7
1783,Monty Python's and Now for Something Completely Different,Comedy,Movie,English,,,,8,,,8
1782,Sirf Ek Bandaa Kaafi Hai ,"Drama, Real Incident, Comedy",Movie,Hindi,,,,,8,8,8
1781,Sky force,"Life, Real Incident, Action, Drama, Magic",Movie,Hindi,,,,,8,7.5,7.75
1780,The Substance,"Horror, Thriller, Different",Movie,English,,,7,,,,7
1779,The Holiday,"Romance, Comedy",Movie,English,,,,6,,,6
1777,Matilda,"Fantasy, Comedy",Movie,English,,,,8,,,8
1776,Harold and the Purple Crayon,"Comedy, Drama, Adventure",Movie,English,,,6,,,,6
1775,Back In Action,"Comedy, Action, Crime",Movie,English,,,6,,,,6
1772,Ocean Waves,"Romance, Life",Animated Movie,Japanese,,,,6.5,,,6.5
1771,Bride Wars,"Comedy, Romance",Movie,English,,,,6,,,6
1770,Soul Eater,"Comedy, Adventure, Fantasy, Gods & Demons",Animated Series,Japanese,1,,8.5,,,,8.5
1769,The World's Finest Assassin Gets Reincarnated in Another World as an Aristocrat,"Isekai, Comedy, Action, Magic",Animated Series,Japanese,1,,6,,,,6
1767,Junji Ito Maniac : Japanese Tales of Macabre,"Fantasy, Horror, Thriller, Different",Series,Japanese,1,,6,,,,6
1764,Creature Commandos,"Action, Sci-Fi, SuperPowers",Animated Series,English,1,,7,,,,7
1763,Dr Stone,"Comedy, Adventure, Sci-Fi, Different",Animated Series,Japanese,4,,8.5,,,,8.5
1762,Negative Positive Angler,"Drama, Life",Animated Series,Japanese,1,,7.5,,,,7.5
1760,"Mufasa: The Lion King","Adventure, Musical",Animated Movie,English,,,,7,8,,7.5
1757,Serendipity,"Drama, Romance, Comedy",Movie,English,,,8.5,9,,,8.75
1756,The Six Triple Eight,"Drama, War, History, Documentary",Movie,English,,,9,,,,9
1754,Red One,"Adventure, Fantasy, Different, Magic, Gods & Demons",Movie,English,,,8,,,,8
1753,Finch,"Sci-Fi, Adventure",Movie,English,,,8,6,,,7
1752,Journey to the Center of the Earth,"Adventure, Comedy",Movie,English,,,9.5,8,,,8.75
1751,Jo Jeeta Wohi Sikandar,"Comedy, Drama, Romance",Movie,Hindi,,,8,6,,,7
1750,Desi Boyz,"Comedy, Romance",Movie,Hindi,,,,6,,,6
1747,Guillermo del Toro's Cabinet of Curiosities,"Horror, Crime, Thriller, Mystery, Different, Gods & Demons, Magic",Series,English,1,,♾️,,,,♾️
1745,Fight Club,"Action, Thriller, Classic, Life",Movie,English,,,,7,10,7.5,8.17
1744,Tomorrowland,"Fantasy, Sci-Fi",Movie,English,,,9,5,,,7
1739,Weekend in Taipei,"Romance, Action, Thriller, Crime",Movie,English,,,6.5,,,,6.5
1735,Here,"Drama, Comedy, Romance, Life, Different",Movie,English,,,♾️,,,,♾️
1734,Life as We Know It,"Comedy, Romance, Life",Movie,English,,,,8,,,8
1733,Look Back,"Drama, Life",Animated Movie,Japanese,,,,6,,,6
1732,The Colors Within,"Fantasy, Life, Drama",Animated Movie,Japanese,,,,6,,,6
1730,The Last Airbender,"Action, Fantasy, Adventure, SuperPowers",Movie,English,,,7.5,,,,7.5
1729,Into The Storm,"Action, Thriller, Adventure",Movie,English,,,7.5,,,,7.5
1728,Geostorm,"Action, Sci-Fi, Thriller",Movie,English,,,9,,,,9
1727,Ad Astra,"Adventure, Sci-Fi, Thriller",Movie,English,,,6.5,4,,,5.25
1726,Alien : Covenant,"Horror, Sci-Fi, Thriller",Movie,English,,,7.5,,,,7.5
1725,The Buckingham Murders,"Thriller, Mystery, Crime",Movie,Hindi,,,8.5,,,,8.5
1723,The Wolves,"Comedy, Adventure, Thriller, Crime",Movie,English,,,7.5,,,,7.5
1722,Sita Ramam,"Drama, Romance, Feel Good",Movie,Telugu,,,8.5,4,,,6.25
1721,BlueLock,"Adventure, Sports",Animated Series,Japanese,2,,8,,,,8
1720,Ron Kamonohashi's Forbidden Deductions,"Adventure, Thriller, Mystery, Crime",Animated Series,Japanese,2,,9,,,,9
1719,Backflip!!,"Drama, Life, Musical",Animated Series,Japanese,1,,2,,,,2
1717,Aisha,"Romance, Comedy",Movie,English,,,,9,,,9
1716,Strange World,"Adventure, Sci-Fi, Fantasy",Animated Movie,English,,,,7,,,7
1715,"Josee, the Tiger and the Fish","Comedy, Romance",Animated Movie,Japanese,,,,6,,,6
1714,Two Brothers,"Adventure, Documentary, Real Incident, Crime",Movie,English,,,,7,,,7
1702,Wolfs,"Comedy, Action, Thriller",Movie,English,,,,,,,0
1699,Tangled,"Comedy, Romance, Feel Good, Fantasy",Animated Movie,English,,,10,9,,,9.5
1698,That Time I Got Reincarnated as a Slime: Scarlet Bond,"Comedy, Action, Gods & Demons, Magic",Animated Movie,Japanese,,,6.5,,,,6.5
1697,Sword Art Online - Progressive,"Action, Fantasy, SuperPowers",Animated Movie,Japanese,,,5,,,,5
1696,Sakuna of Rice and Ruin,"Comedy, Feel Good, Adventure, Fantasy, Gods & Demons",Animated Series,Japanese,1,,6.5,,,,6.5
1695,Sword Art Online - Ordinal Scale,"Action, Fantasy, Thriller, SuperPowers",Animated Movie,Japanese,,,6.5,,,,6.5
1693,Astro Boy,"Feel Good, Adventure, Action, Sci-Fi, Classic",Animated Movie,English,,,9,,,,9
1692,Pompeii,"Romance, Drama, Classic, History",Movie,English,,,8,,,,8
1691,Godzilla - 1998,"Action, Adventure, Thriller, Classic",Movie,English,,,10,10,,,10
1690,Abraham Lincoln - The Vampire Hunter,"Action, Fantasy, Thriller, War",Movie,English,,,6,,,,6
1689,Polar Express,"Adventure, Fantasy, Musical, Classic",Movie,English,,,10,,,,10
1688,The Boy Who Harnessed The Wind,"Drama, Documentary, Real Incident",Movie,English,,,10,,,,10
1686,Woke Salaryman Animated Series,"Life, Drama, Feel Good",Shorts,English,,,10,,,,10
1685,Sirf Tum,"Romance, Drama",Movie,Hindi,,,,6,,,6
1684,Mickey 17,"Sci-Fi, Thriller, Different, Adventure",Movie,English,,,,,,,0
1680,Ranma Half - 2024 Remake,"Drama, Comedy, Fantasy, Action",Animated Series,Japanese,1,,,,,,0
1678,Shogun,"War, Thriller, History, Drama, Action",Series,Japanese,1,,9.5,,,,9.5
1677,Businessman,"Drama, Action, Crime",Movie,Telugu,,,6,,,,6
1676,Magadheera,"Drama, Comedy, Romance, Action",Movie,Telugu,,,4,,,,4
1675,Sahasam,"Drama, Comedy, Action",Movie,Telugu,,,5,,,,5
1674,Krishna,"Drama, Comedy, Romance, Action",Movie,Telugu,,,7,,,,7
1673,Balupu,"Drama, Comedy, Feel Good",Movie,Telugu,,,7.5,,,,7.5
1672,Power,"Drama, Comedy, Action",Movie,Telugu,,,7,,,,7
1671,Vikramarkudu,"Drama, Comedy, Action, Crime",Movie,Telugu,,,6.5,,,,6.5
1670,Daruvu,"Drama, Comedy",Movie,Telugu,,,8.5,,,,8.5
1669,"Honey, I Blew up the Kids","Drama, Comedy, Feel Good, Sci-Fi",Movie,English,,,7,7,,,7
1668,Conan The Barbarian,"Fantasy, Action, Adventure",Movie,English,,,6,,,,6
1667,Waterworld,"Fantasy, Sci-Fi, Action",Movie,English,,,8.5,,,,8.5
1666,"Honey, I Shrunk the Kids","Drama, Sci-Fi, Comedy, Feel Good",Movie,English,,,9,7,,,8
1665,Bruce Almighty,"Drama, Comedy, Dark Comedy",Movie,English,,,8,,,,8
1664,The Hunt,"Horror, Thriller, Mystery",Movie,English,,,4,,,,4
1663,Gamer,"Adventure, Action, Sports, Sci-Fi",Movie,English,,,3,,,,3
1662,We Bought a Zoo,"Drama, Feel Good, Life",Movie,English,,,8,,,,8
1661,Chef,"Drama, Feel Good",Movie,English,,,6,,,,6
1660,Crawl,"Thriller, Horror",Movie,English,,,7,,,,7
1659,How to Make Millions before Grandma Dies,"Drama, Life, Feel Good",Movie,Thai,,,,,,,0
1658,Twilight of Gods,"Adventure, Fantasy, Action, Gods & Demons",Series,English,1,,,,,,0
1656,Orphan,"Horror, Mystery, Crime",Movie,English,,,4,,,,4
1655,Hush,"Drama, Thriller, Crime",Movie,English,,,7.5,,,,7.5
1654,Down,"Drama, Thriller, Horror",Movie,English,,,2,,,,2
1653,Berlin Syndrome,"Drama, Horror, Mystery",Movie,English,,,5,,,,5
1652,Children of Men,"Drama, Thriller, Dark Comedy",Movie,English,,,7,,,,7
1651,Just a Breath Away,"Drama, Thriller, Sci-Fi",Movie,French,,,7,,,,7
1650,The End,"Horror, Thriller, Drama",Movie,English,,,2,,,,2
1649,The Wandering Earth 2,"Sci-Fi, Adventure, Thriller",Movie,Chinese,,,,,,,0
1648,The Wandering Earth,"Sci-Fi, Adventure, Thriller",Movie,Chinese,,,,,,,0
1647,Parallel,"Drama, Mystery, Sci-Fi",Movie,English,,,3,,,,3
1646,Luck-Key,"Comedy, Action, Drama",Movie,Korean,,,7,,,,7
1645,A Day,"Thriller, Fantasy, Life",Movie,Korean,,,6.5,,,,6.5
1644,Door Lock,"Horror, Crime, Thriller, Mystery",Movie,Korean,,,8.5,,,,8.5
1643,Castaway on the Moon,"Comedy, Life, Romance",Movie,Korean,,,4,,,,4
1642,Against the Sun,"Life, Thriller, Real Incident",Movie,English,,,8,,,,8
1641,The Day Will Come,"Drama, Life, Documentary",Movie,Danish,,,9.5,,,,9.5
1640,Kaiji The Ultimate Gambler,"Drama, Thriller, Mystery, Crime",Movie,Japanese,,,9,,,,9
1639,Champions,"Drama, Sports, Feel Good",Movie,Spanish,,,8,,,,8
1638,The Bucket List,"Comedy, Drama, Life",Movie,English,,,7,,,,7
1637,Okay Madam,"Drama, Comedy, Action",Movie,Korean,,,7,,,,7
1636,The Experiment,"Thriller, Drama, Crime",Movie,English,,,4,,,,4
1635,Lock Up - 2010,"Thriller, Dark Comedy",Movie,Spanish,,,8,,,,8
1634,The Cellar,"Crime, Horror, Thriller",Movie,English,,,5,,,,5
1633,The Hole in the Ground,"Thriller, Mystery, Horror",Movie,English,,,5,,,,5
1632,"The prize winner of Defiance, Ohio","Drama, Comedy, Life",Movie,English,,,5,,,,5
1631,Mars Attacks,"Comedy, Sci-Fi, Dark Comedy",Movie,English,,,2,,,,2
1630,Heidi,"Drama, Adventure, Life, Feel Good",Movie,English,,,7,5,,,6
1629,Spiderhead,"Dark Comedy, Sci-Fi, Thriller",Movie,English,,,6.5,,,,6.5
1628,100 Things,"Drama, Comedy, Documentary",Movie,English,,,6,,,,6
1627,Monk Comes Down The Mountain,"Drama, Comedy, Action",Movie,Chinese,,,7,,,,7
1626,Concrete Utpoia,"Action, Sci-Fi, Thriller, Different",Movie,Korean,,,8,,,,8
1625,Share?,"Thriller, Mystery, Sci-Fi",Movie,English,,,6,,,,6
1624,Breathe,"Thriller, Action, Adventure",Movie,English,,,3,,,,3
1623,Infestation,"Fantasy, Horror, Thriller, Mystery",Movie,English,,,1,,,,1
1622,Nerve,"Thriller, Adventure",Movie,English,,,3,,,,3
1621,Vivarium,"Thriller, Mystery, Different",Movie,English,,,5,,,,5
1620,Akira (2016),"Action, Thriller",Movie,Hindi,,,,7.5,,,7.5
1619,Akira ,"Action, Sci-Fi, Classic, War",Movie,Japanese,,,,,,,0
1618,Memories,"Sci-Fi, Classic, Different, Dark Comedy",Movie,Japanese,,,7,,,,7
1617,The Great Dictator,"Drama, History, Dark Comedy, Comedy",Movie,English,,,8,,,,8
1616,Modern Times,"Drama, Comedy, Feel Good, Life",Movie,English,,,9,8,,,8.5
1615,City Lights,"Drama, Comedy, Feel Good",Movie,English,,,9,8,,,8.5
1614,Downsizing,"Comedy, Sci-Fi, Thriller",Movie,English,,,6.5,6,,,6.25
1613,Canteen Honors,"Comedy, Drama, Life, Feel Good",Series,Hindi,1,,4,,,,4
1612,Hit Man - 2024,"Comedy, Action, Romance, Real Incident",Movie,English,,,8.5,,,,8.5
1609,Cardfight! Vanguard,"Adventure, Game & Media, Fantasy, Sports, Different",Animated Series,Japanese,9,,6,,,,6
1608,Mushibugyo,"Adventure, Action, Fantasy",Animated Series,Japanese,1,,6,,,,6
1607,How to Keep a Mummy,"Comedy, Life, Feel Good, Fantasy",Animated Series,Japanese,1,,9,,,,9
1606,Cells at Work,"Drama, Comedy, Feel Good",Animated Series,Japanese,2,,,,,,0
1605,Uzukami,"Fantasy, Classic, Horror, Mystery, Different, Gods & Demons",Animated Series,Japanese,1,,6.5,,,,6.5
1604,Oats Studio Anthology,"Adventure, Action, Fantasy, Sci-Fi, Horror, Thriller",Series,English,1,,6,,,,6
1603,The Instigators,"Adventure, Crime, Thriller",Movie,English,,,8,,,,8
1602,The Greatest of All Time,"Action, Sci-Fi",Movie,Tamil,,,,,,,0
1601,Game of Thrones,"Drama, Fantasy, SuperPowers",Series,English,8,,,,10,,10
1600,Swades,"Drama, Musical",Movie,Hindi,,,6,7.5,,,6.75
1599,Maharaj,"Drama, Crime",Movie,Hindi,,,,6.5,,,6.5
1598,Red 2,"Comedy, Action, Crime",Movie,English,,,7,,,,7
1597,Operation Fortune ,"Adventure, Action, Crime",Movie,English,,,7,,,,7
1596,Pyaar Ka Punchnama,"Comedy, Romance",Movie,Hindi,,,,7,,,7
1595,Riverdale,Drama,Series,English,7,,,6,,,6
1594,Into the Wild,"Drama, Adventure",Movie,English,,,10,8,,,9
1593,What Happened to Monday,"Action, Thriller",Movie,English,,,,6,,,6
1592,Pretty Woman,"Comedy, Romance",Movie,English,,,6,6.6,,,6.3
1591,Laws of Attraction,"Comedy, Romance",Movie,English,,,,4,,,4
1590,Runaway Bride,"Comedy, Romance",Movie,English,,,,5,,,5
1589,The Wedding Planner,"Comedy, Romance",Movie,English,,,6,5,,,5.5
1588,Maid in Manhattan,"Comedy, Romance",Movie,English,,,,5,,,5
1587,What a Girl Wants,"Drama, Comedy",Movie,English,,,,7.5,,,7.5
1586,First Daughter,"Comedy, Romance",Movie,English,,,,8,,,8
1585,Lessons in Chemistry,Drama,Series,English,1,,,7,,,7
1584,Lockwood & Co,"Drama, Crime, Thriller, Gods & Demons, Magic",Series,English,1,,,,,,0
1583,1899,"Drama, Crime, Thriller, Mystery, History",Series,English,1,,6,,,,6
1582,Dead Boy Detectives,"Drama, Fantasy, Crime, Thriller, Mystery, Magic",Series,English,1,,,,,,0
1581,The Irregulars,"Drama, Fantasy, Crime, Thriller, Mystery",Series,English,1,,6,,,,6
1580,Bodies,"Sci-Fi, Crime, Thriller, Mystery",Series,English,1,,9,,,,9
1578,Red,"Comedy, Action, Crime",Movie,English,,,6,,,,6
1577,iCarly,"Comedy, Romance",Series,English,9,,,6,,,6
1576,Chinpui,"Drama, Comedy, Feel Good, Fantasy",Animated Series,Japanese,1,,6,,,,6
1575,The Devil is a Part-timer,"Comedy, Adventure, Fantasy, Magic, Isekai",Animated Series,Japanese,3,,7,,,,7
1574,Scissor Seven,"Comedy, Romance, Action, Fantasy, Mystery",Animated Series,Chinese,5,,,,,,0
1573,The Expert Series,"Drama, Comedy, Dark Comedy",Shorts,English,,,7,,,,7
1572,Chamatkar,"Drama, Comedy, Feel Good, Magic",Movie,Hindi,,,9,7,,,8
1571,Mourning Grave,"Horror, Crime, Thriller, Mystery",Movie,Korean,,,,,,,0
1570,Cashback,"Drama, Comedy, Romance",Movie,English,,,3,,,,3
1569,The Chronicles of Riddick,"Adventure, Action, Fantasy, Thriller",Movie,English,,,5,,,,5
1568,The Lorax,"Drama, Comedy, Feel Good, Fantasy",Animated Movie,English,,,8,,,,8
1567,Power Rangers - 2017,"Action, Fantasy, SuperPowers",Movie,English,,,9,,,,9
1566,The Girl on the Train,"Drama, Crime, Thriller, Mystery",Movie,English,,,7,7,,,7
1565,A Monsoon Story,"Life, Feel Good",Series,Hindi,1,,,9,,,9
1564,A Winter Story,"Life, Feel Good",Series,Hindi,1,,,7,,,7
1563,A Summer Story,"Life, Feel Good",Series,Hindi,1,,,8,,,8
1562,Despicable Me 4,"Comedy, Feel Good, Adventure",Movie,English,,,5,,,,5
1561,No Reservations,"Comedy, Romance, Feel Good",Movie,English,,,,8,,,8
1560,The Summer I Turned Pretty,Romance,Series,English,3,,,4,,,4
1559,Delicious In Dungeon,"Comedy, Feel Good, Adventure, Fantasy, Magic",Series,Japanese,1,,8.5,,,,8.5
1558,The Union,"Drama, Comedy, Action, Crime",Movie,English,,,5,,,,5
1557,Miss Night and Day,"Drama, Comedy, Crime, Thriller, Mystery",Series,Korean,1,,8.5,,,,8.5
1556,Aoashi,"Classic, Sports",Animated Series,Japanese,1,,6,,,,6
1555,Ormie,"Comedy, Feel Good",Shorts,English,,,9.5,,,,9.5
1553,The Great Wall,"Action, Fantasy, Thriller",Movie,Chinese,,,8.5,,,,8.5
1552,"London, Paris, New York","Comedy, Romance, Feel Good",Movie,Hindi,,,,7,,,7
1551,Guzaarish,"Drama, Romance",Movie,Hindi,,,,7,,,7
1548,Jackpot,"Comedy, Adventure",Movie,English,,,5.5,,,,5.5
1547,Juice,"Drama, Life, Dark Comedy",Shorts,Hindi,,,8,,,,8
1546,Secret Levels,"Adventure, Game & Media, Action, Fantasy, Sci-Fi, Thriller, Different, SuperPowers",Animated Series,English,1,,10,,,,10
1545,Manoranjan,"Drama, Thriller, Mystery",Shorts,Hindi,,,8.5,,,,8.5
1540,No Way Out -  The Roulette,"Crime, Thriller, Mystery",Series,Korean,1,,,,,,0
1539,17 Again,"Comedy, Fantasy",Movie,English,,,,7,,,7
1538,"It Ends with Us","Drama, Romance",Movie,English,,,,5,,,5
1537,"Love, Rosie","Comedy, Romance",Movie,English,,,,7,,,7
1536,Do Lafzon Ki Kahani,"Romance, Action",Movie,Hindi,,,,6,,,6
1535,The Cabin in the Woods,"Comedy, Horror",Movie,English,,,6,6,,,6
1534,Her,"Romance, Sci-Fi",Movie,English,,,,1,,,1
1533,The Lord of the Rings: The Rings of Power,"Drama, Adventure, Fantasy, SuperPowers",Series,English,2,,6,7,8,,7
1532,Solo Levelling,"Action, Fantasy, Sci-Fi, Magic",Animated Series,Japanese,2,,8,,,,8
1529,Father of the Bride 2,"Comedy, Life",Movie,English,,,,6,,,6
1528,Father of the Bride,"Comedy, Feel Good",Movie,English,,,,7,,,7
1527,Blade Runner 2049,"Action, Sci-Fi",Movie,English,,,8,6,,,7
1526,The Glassworker,"Drama, Romance, Adventure, Fantasy, War",Animated Movie,Korean,,,,,,,0
1525,A Quiet Place : Day One,"Horror, Thriller, War, Gods & Demons",Movie,English,,,,,,,0
1524,Twisters (2024),"Adventure, Thriller",Movie,English,,,7.5,,,,7.5
1523,Spy X Family Code : White,"Comedy, Action, Fantasy, War",Movie,Korean,,,6.5,,,,6.5
1522,Instagram Origin,"Game & Media, Documentary, Real Incident",Shorts,English,,,9,,,,9
1521,Pixar Animation Origin,"Game & Media, Documentary, Real Incident",Shorts,English,,,9,,,,9
1520,Netflix Origin,"Game & Media, Documentary, Real Incident",Shorts,English,,,9,,,,9
1519,Amazon Origin,"Game & Media, Documentary, Real Incident",Shorts,English,,,9,,,,9
1518,Elon Musk Documentary,"Game & Media, Documentary, Real Incident",Shorts,English,,,9,,,,9
1517,Adidas Origin,"Game & Media, Documentary, Sports, Real Incident",Shorts,English,,,9,,,,9
1516,J K Rowling Documentary,"Game & Media, Documentary, Real Incident",Shorts,English,,,9,,,,9
1515,Stan Lee Documentary,"Game & Media, Documentary, Real Incident",Shorts,English,,,9,,,,9
1514,Starbucks Origin ,"Game & Media, Documentary, Real Incident",Shorts,English,,,9,,,,9
1513,Sooryavanshi,"Drama, Action, Crime",Movie,Hindi,,,8,7,,,7.5
1512,Nagarjuna - Ek Yoddha,"Drama, Adventure, Fantasy",Series,Hindi,1,,8,,,,8
1510,Gangster: A Love Story,"Romance, Crime, Thriller",Movie,Hindi,,,,6,,,6
1509,Step Up 3D,"Drama, Romance, Musical",Movie,English,,,5,,,,5
1508,Step Up : 6 - Year of the Dance,"Drama, Romance, Musical",Movie,English,,,4,,,,4
1507,Step Up : 5 - All In,"Drama, Romance, Musical",Movie,English,,,6,,,,6
1506,Step Up : 4 -Revolution,"Drama, Romance, Musical",Movie,English,,,7,,,,7
1505,Step Up : 3 ,"Drama, Romance, Musical",Movie,English,,,5,,,,5
1504,Step Up : 2 - The Streets,"Drama, Romance, Musical",Movie,English,,,7.5,,,,7.5
1503,Step Up ,"Drama, Romance, Musical",Movie,English,,,6,,,,6
1500,Logan,"Adventure, Action, Sci-Fi, SuperPowers",Movie,English,,,8,7,,,7.5
1497,Wolverine,"Action, Sci-Fi, Thriller",Movie,English,,,8.5,6,,,7.25
1491,Unstoppable,"Drama, Action, Crime, Thriller, Mystery",Movie,Korean,,,,,,,0
1490,Ice Age : 5 - Collision Course,"Comedy, Adventure",Movie,English,,,6,,,,6
1489,Ice Age : 4 - Continental Drift,"Comedy, Adventure",Movie,English,,,7,7,,,7
1488,Ice Age : 3 - Dawn of Dinosaurs,"Comedy, Adventure",Movie,English,,,9,8,,,8.5
1487,Ice Age : 2 - Meltdown,"Comedy, Adventure",Movie,English,,,8.5,8,,,8.25
1486,Ice Age : 1,"Comedy, Adventure",Movie,English,,,7.5,8,,,7.75
1485,Rurouni Kenshin : 5 - The Beginning,"Drama, Action, Fantasy, Thriller",Movie,Chinese,,,,,,,0
1484,Rurouni Kenshin : 4 - The Final,"Drama, Action, Fantasy, Thriller",Movie,Chinese,,,,,,,0
1483,Rurouni Kenshin : 3 - The Legend Ends,"Action, Fantasy, Thriller",Movie,Chinese,,,,,,,0
1482,Eternal Sunshine of the Spotless Mind,"Drama, Life, Romance, Feel Good",Movie,English,,,,,,,0
1481,Rurouni Kenshin : 2 - Kyoto Inferno,"Drama, Action, Fantasy, Thriller",Movie,Chinese,,,,,,,0
1480,Rurouni Kenshin : 1 - Origin,"Drama, Action, Fantasy, Thriller",Movie,Japanese,,,,,,,0
1479,Twilight of Warriors Walled In,"Drama, Action, Crime, Thriller",Movie,Chinese,,,9.5,,,,9.5
1478,Mahabharat - 2013,"Drama, Romance, Fantasy, Thriller, History, Gods & Demons",Series,Hindi,1,,9,8,10,,9
1476,Kismat,"Drama, Crime, Thriller",Series,Hindi,1,,,7,,,7
1474,The Bachelors,"Drama, Comedy, Feel Good",Series,Hindi,3,,8.5,,,,8.5
1473,A Fox Tale,"Action, Fantasy, Thriller, Magic",Shorts,English,,,8.5,,,,8.5
1472,Speed Racer,"Adventure, Sci-Fi, Thriller, Sports",Movie,English,,,8,6,,,7
1471,Alien (1979),"Sci-Fi, Horror, Thriller",Movie,English,,,,8,,,8
1470,A Beautiful Mind,"Drama, Romance, Thriller, Real Incident",Movie,English,,,,6,,,6
1468,Selfless,"Action, Sci-Fi, Thriller",Movie,English,,,3,,,,3
1467,Spectral,"Adventure, Action, Sci-Fi, Horror, Thriller",Movie,English,,,8,,,,8
1466,Volcano,"Adventure, Sci-Fi, Thriller",Movie,English,,,8.5,,,,8.5
1465,Crater,"Adventure, Sci-Fi, Thriller",Movie,English,,,7.5,,,,7.5
1464,We are Nobles,"Drama, Comedy, Life",Movie,Spanish,,,8,,,,8
1463,After The Dark,"Drama, Thriller, Mystery, Dark Comedy",Movie,English,,,7,,,,7
1462,Holes,"Drama, Crime, Thriller",Movie,English,,,5,,,,5
1461,The Calm Beyond,"Drama, Sci-Fi, Thriller",Movie,Chinese,,,8.5,,,,8.5
1460,The Book of Eli,"Action, Fantasy, Crime, Thriller, Gods & Demons",Movie,English,,,6.5,,,,6.5
1459,The Darkest Hour,"Adventure, Action, Fantasy, Thriller, Mystery",Movie,English,,,9,6,,,7.5
1458,The Incident,"Drama, Fantasy, Thriller, Mystery",Movie,English,,,3,,,,3
1457,Mine,"Drama, Thriller, War",Movie,English,,,6,,,,6
1456,Gulliver's Travels,"Drama, Comedy, Adventure, Fantasy",Movie,English,,,8.5,5,,,6.75
1455,Meet Dave,"Drama, Comedy, Sci-Fi",Movie,English,,,5,,,,5
1454,Look Who's Back,"Drama, Comedy, Dark Comedy",Movie,German,,,6,,,,6
1453,Idiocracy,"Comedy, Sci-Fi",Movie,English,,,2,2,,,2
1452,Bad Genius,"Drama, Life, Crime",Series,Thai,1,,6.5,,,,6.5
1451,Jacky In Women's Kingdom,"Comedy, Dark Comedy",Movie,French,,,2,,,,2
1450,Monolith,"Drama, Thriller",Movie,English,,,5,,,,5
1449,How Long Will I Love You,"Drama, Comedy, Romance, Sci-Fi",Movie,Chinese,,,8.5,,,,8.5
1448,Mr Zoo - The Missing VIP,"Drama, Comedy, Feel Good",Movie,Korean,,,7,,,,7
1447,Survival Family,"Drama, Feel Good, Adventure, Thriller",Movie,Japanese,,,8.5,,,,8.5
1446,The Day Earth Stood Still,"Drama, Fantasy, Thriller, Mystery",Movie,English,,,6.5,6,,,6.25
1445,No Way Up,"Thriller, Mystery",Movie,English,,,4,,,,4
1444,The Box,"Fantasy, Thriller, Mystery",Movie,English,,,5.5,6,,,5.75
1443,Accepted,"Drama, Comedy, Feel Good, Dark Comedy",Movie,English,,,6,,,,6
1442,Lean on Me,"Drama, Life, Feel Good, History, Real Incident",Movie,English,,,9.5,,,,9.5
1441,I Am Sam,"Drama, Life, Feel Good",Movie,English,,,8.5,,,,8.5
1440,God Friended Me,"Drama, Life, Thriller, Mystery",Series,English,2,,,,,,0
1439,The Brand New Testament,"Thriller, Dark Comedy",Movie,English,,,3,,,,3
1438,Into the Night,"Adventure, Sci-Fi, Thriller, Mystery",Movie,English,,,5,,,,5
1436,Cubicles,"Drama, Comedy, Life, Feel Good",Series,Hindi,2,,8.5,,,,8.5
1435,Sandeep Bhaiya,"Drama, Life, Romance, Feel Good",Series,Hindi,1,,9.5,,,,9.5
1434,Adulting,"Drama, Comedy, Life, Feel Good",Series,Hindi,3,,9.5,8,,,8.75
1433,Please Find Attached,"Drama, Comedy, Life, Romance",Series,Hindi,3,,7,7.5,,,7.25
1432,Diverse Romance,"Comedy, Romance",Shorts,Hindi,,,7,,,,7
1431,Hostel Days,"Drama, Comedy, Life",Series,Hindi,3,,6.5,,,,6.5
1430,College Romance,"Drama, Comedy, Romance, Feel Good",Series,Hindi,3,,8.5,,,,8.5
1429,Ishq Tamasha,"Drama, Romance",Series,Urdu,1,,9.5,,,,9.5
1428,Jhooti,"Drama, Life, Romance, Thriller",Series,Urdu,1,,10,,,,10
1427,Mere Humsafar,"Feel Good, Action, Musical",Series,Urdu,1,,9,,,,9
1426,What the Folks (WTF),"Drama, Comedy, Life, Romance, Feel Good",Series,Hindi,4,,6.5,,,,6.5
1425,Operation MBBS,"Drama, Comedy, Life",Series,Hindi,2,,7,,,,7
1424,NCR Days,"Drama, Comedy, Life, Romance",Series,Hindi,1,,7,,,,7
1423,Stalled - Omeleto,"Comedy, Sci-Fi, Horror, Thriller",Shorts,English,,,8.5,,,,8.5
1422,Black Hole - Future Shorts,"Comedy, Feel Good, Game & Media, Sci-Fi",Shorts,English,,,9,,,,9
1421,Dust Buddies ,"Drama, Comedy, Game & Media",Shorts,English,,,7.5,,,,7.5
1420,Best Friend - Dust,"Game & Media, Sci-Fi, Thriller, Mystery",Shorts,English,,,9,,,,9
1419,Pip - Dogs Inc,"Drama, Life, Feel Good, Game & Media",Shorts,English,,,9.5,9,,,9.25
1418,The LEGO Story - Origin,"Feel Good, Game & Media, History, Documentary, Real Incident",Shorts,English,,,10,8,,,9
1417,Oruchuban Ebichu,"Drama, Comedy, Romance",Animated Series,Japanese,1,,8,,,,8
1416,Dil Toh Pagal Hai,"Drama, Romance, Musical",Movie,Hindi,,,7,7,,,7
1415,Hamlet (2015),"Drama, Dark Comedy",Movie,English,,,8,8,,,8
1414,Luxo Jr.,"Comedy, Life",Shorts,English,,,9,9,,,9
1413,"Nothing, Except Everything","Drama, Comedy, Life, Romance, Feel Good",Shorts,English,,,,7,,,7
1412,Citizenfour,"Thriller, Documentary",Movie,English,,,8,8.5,,,8.25
1411,First Man,"Drama, Sci-Fi, Real Incident",Movie,English,,,,7,,,7
1410,Black Swan,"Horror, Mystery",Movie,English,,,,6,,,6
1409,Whiplash,"Drama, Different",Movie,English,,,,7,,,7
1408,Ruin - Wes Ball,"Game & Media, Action, Sci-Fi, Thriller",Shorts,English,,,♾️,,,,♾️
1407,"Broken - Rock, Paper, Scissors","Feel Good, Game & Media, Fantasy",Shorts,English,,,7,,,,7
1406,Tale of Momentum & Inertia,"Adventure, Game & Media, Fantasy",Shorts,English,,,8,,,,8
1405,The Present,"Life, Feel Good, Game & Media",Shorts,English,,,8,,,,8
1404,Alike ,"Life, Feel Good, Game & Media, Dark Comedy",Shorts,English,,,10,,,,10
1403,In A Heartbeat,"Drama, Romance, Feel Good, Game & Media",Shorts,English,,,9,,,,9
1402,The Answer - Xin Zhao,"Game & Media, Mystery, Dark Comedy",Shorts,English,,,6,,,,6
1401,CICLO - Felipe Del,"Life, Game & Media, Dark Comedy",Shorts,English,,,7,,,,7
1400,Scrambled,"Life, Game & Media, Mystery, Different",Shorts,English,,,6,,,,6
1399,Tea Time,"Drama, Game & Media, Dark Comedy",Shorts,English,,,7,,,,7
1398,The Small Shoemaker -  La Petite,"Drama, Comedy, Feel Good, Game & Media",Shorts,English,,,10,,,,10
1397,The Albatross -  CG Bros,"Game & Media, Fantasy, Horror, Thriller",Shorts,English,,,9,,,,9
1396,Agent 327 Operation Barbershop - Blender,"Game & Media, Action, Sci-Fi, Thriller",Shorts,English,,,7.5,,,,7.5
1395,Alley Cats - Blow Studio,"Drama, Game & Media, Fantasy",Shorts,English,,,8,,,,8
1394,Johnny Express - Image Works,"Drama, Comedy, Feel Good",Shorts,English,,,9,,,,9
1393,Mr Indifferent - Aryasb Feiz,"Comedy, Life, Feel Good",Shorts,English,,,8.5,,,,8.5
1392,One Small Step - Taiko Studio,"Life, Feel Good, Adventure, Game & Media",Shorts,Chinese,,,8,,,,8
1391,Le Gouffre - Lightning Boy Studio,"Adventure, Game & Media, Thriller",Shorts,English,,,9.5,,,,9.5
1390,Kin of Stained Blade,"Adventure, Game & Media, Action, Fantasy, Magic",Shorts,English,,,9.5,,,,9.5
1389,Rise - League of Legends,"Game & Media, Action, Fantasy, Magic",Shorts,English,,,9,,,,9
1388,Genesis - Overwatch,"Game & Media, Action, Sci-Fi, SuperPowers",Shorts,English,,,9,,,,9
1387,Overwatch Shorts,"Game & Media, Action, Fantasy, Sci-Fi, Thriller, SuperPowers",Shorts,English,,,7,,,,7
1383,Inner Working,"Drama, Comedy, Adventure, Game & Media",Shorts,English,,,,,,,0
1382,Burrow,Life,Shorts,English,,,♾️,8,,,♾️
1381,Day & Night,"Comedy, Life, Feel Good, Fantasy, Different",Shorts,English,,,♾️,,,,♾️
1380,Burn-E,"Comedy, Feel Good, Sci-Fi",Shorts,English,,,9,,,,9
1379,Purl,"Comedy, Life, Dark Comedy, Different",Shorts,English,,,8,7,,,7.5
1377,Float,"Drama, Feel Good, Fantasy",Shorts,English,,,6,,,,6
1374,Mark Angel Comedy,"Drama, Comedy, Feel Good, Game & Media, Dark Comedy",Shorts,English,,,7.5,,,,7.5
1371,Takt op.Destiny,"Action, Fantasy, Musical, SuperPowers",Animated Series,Japanese,1,,6,,,,6
1370,Elusive Samurai,"Adventure, Action, Comedy, History",Animated Series,Japanese,1,,9,,,,9
1369,Yozakura Quartet : Hana no Uta,"Drama, Adventure, Action, Fantasy, Magic",Animated Series,Japanese,1,,9,,,,9
1368,An Interview With God,"Drama, Life, Thriller, Mystery",Movie,English,,,7,,,,7
1367,LBX - Little Battler's Experience W,"Adventure, Action, Sci-Fi, Different",Animated Series,Japanese,1,,9.5,,,,9.5
1366,Roohi,"Comedy, Horror",Movie,Hindi,,,,1,,,1
1365,Ranma Half,"Drama, Comedy, Fantasy",Animated Series,Japanese,1,,6,,,,6
1364,Inazuma Eleven Go: Chrono Stone,"Fantasy, Sports, SuperPowers",Animated Series,Japanese,1,,6,,,,6
1363,Inazuma Eleven Go,"Fantasy, Classic, Sports, SuperPowers",Animated Series,Japanese,1,,7.5,,,,7.5
1362,Inazuma Eleven Go: Galaxy,"Fantasy, Sports, SuperPowers",Animated Series,Japanese,1,,8,,,,8
1361,Kochikame,"Drama, Comedy, Life, Feel Good",Animated Series,Japanese,1,,9,,,,9
1360,Gilmore Girls,"Drama, Life",Series,English,7,,,8,,,8
1359,Ved,Romance,Movie,Hindi,,,,6,,,6
1358,Meet Joe Black,"Romance, Fantasy",Movie,English,,,,6.5,,,6.5
1356,The Matrix,"Action, Sci-Fi, SuperPowers",Movie,English,,,10,8,,,9
1355,The Matrix Resurrections,"Action, Sci-Fi, SuperPowers",Movie,English,,,9,7,,,8
1354,The Matrix Reloaded,"Action, Sci-Fi, SuperPowers",Movie,English,,,8,6,,,7
1353,Matrix Revolutions,"Action, Sci-Fi, SuperPowers",Movie,English,,,7,6,,,6.5
1352,Cinderalla (2015),Romance,Movie,English,,,7,7,,,7
1351,Steve Jobs,"Drama, Documentary, Real Incident",Movie,English,,,7,10,,,8.5
1350,Milo Murphy's Law,"Comedy, Adventure",Animated Series,English,2,,,7,,,7
1349,Bunk'd,"Drama, Comedy",Series,English,6,,,7,,,7
1348,Good Luck Charlie,"Drama, Comedy, Feel Good",Series,English,4,,7,7,,,7
1347,Sydney to the Max,"Drama, Comedy",Series,English,3,,,6.5,,,6.5
1346,Two Weeks Notice,"Comedy, Romance",Movie,English,,,,5,,,5
1345,No Time to Die,"Adventure, Action, Thriller",Movie,English,,,,7,,,7
1344,Jobs,"Drama, Real Incident",Movie,English,,,,8,,,8
1343,Another Cinderella Story,"Drama, Comedy, Romance, Musical",Movie,English,,,,6,,,6
1342,Little Italy,"Comedy, Romance",Movie,English,,,,7,,,7
1341,"Tick, Tick... Boom!","Drama, Musical, Real Incident",Movie,English,,,,7,,,7
1340,A Rainy Day in New York,"Comedy, Romance",Movie,English,,,,6,,,6
1339,The Perks of Being a Wallflower,"Drama, Romance",Movie,English,,,,7,,,7
1338,Atonement,"Drama, Romance, War",Movie,English,,,,7,,,7
1337,Lady Bird,"Drama, Comedy",Movie,English,,,,7,,,7
1336,Guess Who,"Drama, Comedy, Romance",Movie,English,,,,6,,,6
1335,Valentine's Day,"Comedy, Romance",Movie,English,,,,7,,,7
1334,A Lot like Love,"Drama, Comedy, Romance",Movie,English,,,,6,,,6
1333,The Lake House,"Drama, Romance, Fantasy",Movie,English,,,,6,,,6
1332,Sachin: A Billion Dreams,"Documentary, Sports",Movie,Hindi,,,,7,,,7
1329,Lupin,"Crime, Thriller, Mystery",Series,English,2,,6.5,,,,6.5
1328,Girl in the Basement,"Crime, Thriller",Movie,English,,,7.5,,,,7.5
1327,Sherlock,"Drama, Crime, Thriller, Mystery",Series,English,4,,8.5,,,,8.5
1326,Human Centipede 2,"Horror, Thriller, Dark Comedy",Movie,English,,,1,,,,1
1325,Human Centipede,"Horror, Thriller, Dark Comedy",Movie,English,,,2,,,,2
1318,Gravity Falls,"Comedy, Action, Fantasy, Mystery",Series,English,2,,8,10,,,9
1316,Monarch: Legacy of Monsters,"Adventure, Sci-Fi",Series,English,1,,,10,,,10
1315,Star Wars: Resistance,"Action, Sci-Fi",Animated Series,English,2,,,10,,,10
1312,Silicon Valley ,"Drama, Comedy",Series,English,6,,,9,,10,9.5
1310,Star Wars: Bad Batch,"Action, Sci-Fi",Animated Series,English,2,,,9,,,9
1308,We Crashed,"Drama, Real Incident",Series,English,1,,,8,,,8
1305,Seinfield,"Comedy, Life, Dark Comedy",Series,English,9,,9.5,8,,,8.75
1304,Hannah Montana,"Drama, Comedy, Musical",Series,English,4,,9,8,,,8.5
1303,Boy Meets World,"Drama, Comedy",Series,English,7,,,8,,,8
1302,Miraculous: Tales of Ladybug and Cat Noir,"Adventure, Fantasy",Animated Series,English,5,,,8,,,8
1301,The Good Doctor,Drama,Series,English,6,,6,8,,,7
1300,The Descendants of the Sun,"Drama, Romance, Action",Series,Korean,1,,,8,,,8
1298,Doctor Who (2005),"Drama, Adventure, Sci-Fi",Series,English,14,,,8,,,8
1297,Rick & Morty,"Comedy, Sci-Fi, Dark Comedy",Series,English,7,,,8,,,8
1296,Star Wars: Andor ,"Action, Sci-Fi",Series,English,2,,,8,,,8
1295,The Vampire Diaries,"Drama, Fantasy, Horror",Series,English,8,,,8,8,,8
1292,Wizards of Wavelry Place,"Comedy, Fantasy",Series,English,4,,,7,,,7
1291,The Suite Life on Deck,"Drama, Comedy",Series,English,3,,,7,,,7
1289,Chernobyl,"Thriller, History, Documentary",Series,English,1,,,7,,,7
1287,Modern Family,"Drama, Comedy",Series,English,11,,,7,,10,8.5
1285,13 Reasons Why,"Drama, Thriller, Mystery",Series,English,4,,,7,9,,8
1282,Anne with an E,"Drama, Life",Series,English,3,,7,7,,,7
1281,Ted Lasso,"Drama, Comedy, Sports",Series,English,3,,,7,,,7
1279,How I Met Your Mother,"Drama, Comedy, Romance",Series,English,9,,,7,,,7
1278,Jessie,"Drama, Romance",Series,English,4,,,7,,,7
1277,Merlin (BBC),"Drama, Adventure, Sci-Fi",Series,English,5,,7,7,,,7
1275,Star Wars: Mandolorian,"Action, Sci-Fi",Series,English,4,,,7,,,7
1272,2 Broke Girls,"Drama, Comedy, Life, Feel Good",Series,English,6,,8.5,6,,,7.25
1270,Two And A Half Man,"Drama, Comedy",Series,English,12,,,6,7.5,,6.75
1269,Foundation,"Drama, Sci-Fi",Series,English,2,,,6,,,6
1264,Apollo 13,"Sci-Fi, Thriller",Movie,English,,,8,♾️,,,♾️
1247,Taylor Swift : Eras Tour,Documentary,Movie,English,,,♾️,10,,,♾️
1246,Baby's Day Out,"Drama, Comedy, Feel Good",Movie,English,,,♾️,10,,9,♾️
1245,Dunkirk,"Thriller, War, History",Movie,English,,,,10,,,10
1244,Rio 2,"Comedy, Adventure",Animated Movie,English,,,10,10,,,10
1243,Snowden,"Drama, Thriller, Real Incident",Movie,English,,,9.5,10,,,9.75
1242,Enola Holmes 2,"Drama, Thriller, Mystery",Movie,English,,,9,10,,,9.5
1236,Godzilla - 2014,"Adventure, Action, Sci-Fi",Movie,English,,,10,10,,,10
1235,Zathura : A Space Adventure,"Drama, Adventure, Sci-Fi",Movie,English,,,10,10,,,10
1234,Rogue One: A Star Wars Story,"Adventure, Action, Sci-Fi",Movie,English,,,,10,,,10
1233,Ghostbusters (1984),"Comedy, Fantasy, Sci-Fi",Movie,English,,,10,10,,,10
1232,Back to the Future,"Comedy, Adventure, Sci-Fi, Thriller",Movie,English,,,10,10,,,10
1231,Star Wars: Empire strikes back,"Adventure, Action, Sci-Fi",Movie,English,,,,10,,,10
1217,Twister (1996),"Drama, Adventure, Action",Movie,English,,,,9,,,9
1213,Tolkien,"Drama, War, Real Incident",Movie,English,,,,9,,,9
1211,Hidden Figures,"Drama, History, Real Incident",Movie,English,,,9,8.5,,,8.75
1210,War of Worlds,"Adventure, Fantasy, Thriller",Movie,English,,,9,8.5,,,8.75
1209,Rio,"Comedy, Adventure",Animated Movie,English,,,9,8.5,,,8.75
1208,Air Force One,"Drama, Action, Thriller",Movie,English,,,,8.5,,,8.5
1207,Annie (1982),"Drama, Musical",Movie,English,,,,8.5,,,8.5
1205,Chaos Walking,"Romance, Sci-Fi, SuperPowers",Movie,English,,,7,8.5,,,7.75
1193,The Mummy (1999),"Adventure, Action, Fantasy",Movie,English,,,10,8,,,9
1183,Enola Holmes,"Drama, Thriller, Mystery",Movie,English,,,9.5,8,,,8.75
1182,Uncharted,"Adventure, Action",Movie,English,,,9.5,8,,,8.75
1181,Mary Kom,"Drama, Sports, Real Incident",Movie,Hindi,,,9,8,,9,8.67
1180,A Few Good Men,"Drama, Thriller",Movie,English,,,,8,,,8
1179,The Mummy Returns,"Adventure, Action, Fantasy",Movie,English,,,8.5,8,,,8.25
1157,Gladiator,"Drama, Adventure, Action",Movie,English,,,8,8,,,8
1156,Home Alone,"Drama, Comedy, Adventure",Movie,English,,,8,8,,,8
1155,Cobra Kai,"Drama, Comedy, Action",Movie,English,,,,8,,,8
1154,Speed,"Action, Thriller",Movie,English,,,8,8,,,8
1153,The Silence of the Lambs,"Drama, Crime, Thriller",Movie,English,,,,8,,,8
1152,The Godfather,"Drama, Crime",Movie,English,,,,8,,,8
1151,The Nightmare Before Christmas,"Drama, Fantasy",Animated Movie,English,,,8,8,,,8
1150,The Attacks of 26/11,"Drama, Crime, History",Movie,Hindi,,,,8,7,,7.5
1149,Parmanu: The Story Of Pokhran,"Drama, Action, History",Movie,Hindi,,,,8,6.5,,7.25
1148,Pride & Prejudice,"Drama, Romance",Movie,English,,,,8,,,8
1147,Dilwale Dulhania Le Jayenge,"Drama, Romance, Musical",Movie,Hindi,,,9,8,,,8.5
1146,Me Before You,"Drama, Romance",Movie,English,,,,8,9,,8.5
1145,Mohabbatein,"Drama, Romance, Musical",Movie,Hindi,,,9,8,8,,8.33
1144,Titanic,"Drama, Romance",Movie,English,,,9,8,8,,8.33
1143,Fanna,"Drama, Romance, Thriller",Movie,Hindi,,,,8,,,8
1142,Jerry Maguire,"Drama, Romance, Sports",Movie,English,,,,8,,,8
1141,Romeo and Juliet 2013,"Drama, Romance",Movie,English,,,,8,,,8
1140,How to Lose a Guy in 10 Days,"Comedy, Romance",Movie,English,,,,8,,,8
1139,Andaz Apna Apna,"Comedy, Romance, Action",Movie,Hindi,,,8,8,,,8
1138,Elemental,"Comedy, Romance",Animated Movie,English,,,7.5,8,,,7.75
1137,La La Land,"Drama, Romance, Musical",Movie,English,,,7,8,,,7.5
1136,The Proposal,"Drama, Comedy, Romance",Movie,English,,,6.5,8,,,7.25
1132,Independence Day,"Adventure, Action, Sci-Fi",Movie,English,,,10,8,,,9
1131,Star Trek Into Darkness,"Adventure, Action, Sci-Fi",Movie,English,,,9.5,8,,,8.75
1130,Star Wars: A new hope,"Adventure, Action, Sci-Fi",Movie,English,,,,8,,,8
1129,Arrival,"Sci-Fi, Thriller, Gods & Demons",Movie,English,,,9,8,,,8.5
1128,Gravity,"Drama, Sci-Fi, Thriller",Movie,English,,,,8,,7,7.5
1127,Star Trek,"Adventure, Action, Sci-Fi",Movie,English,,,8.5,8,,,8.25
1126,MechX4,"Adventure, Action, Sci-Fi",Movie,English,,,,8,,,8
1118,Godzilla - King of Monsters,"Adventure, Action, Sci-Fi",Movie,English,,,10,8,,,9
1117,Terminator,"Action, Sci-Fi, Thriller",Movie,English,,,9.5,8,,,8.75
1116,The Tuxedo,"Comedy, Action, Sci-Fi",Movie,English,,,9,8,,,8.5
1115,Terminator 2 : Judgement Day,"Action, Sci-Fi, Thriller",Movie,English,,,8.5,8,,,8.25
1114,Free Guy,"Comedy, Action, Sci-Fi",Movie,English,,,8.5,8,,,8.25
1113,Prometheus,"Sci-Fi, Horror, Thriller",Movie,English,,,8.5,8,,,8.25
1112,Star Wars: Force Awakens,"Adventure, Action, Sci-Fi",Movie,English,,,,8,,,8
1111,Batman Begins,"Fantasy, Sci-Fi, Crime, SuperPowers",Movie,English,,,,8,8,7,7.67
1109,Howl's Moving Castle ,"Drama, Life, Fantasy, Magic",Animated Movie,Japanese,,,9.5,8,,,8.75
1108,The Boy & the Heron,"Drama, Fantasy, Heartbreaking",Animated Movie,Japanese,,,,,,,0
1074,The Greatest Showman,"Drama, Musical, Real Incident",Movie,English,,,♾️,7.5,,,♾️
1073,The Intern,"Drama, Comedy, Life",Movie,English,,,♾️,7.5,,7.5,♾️
1072,Sholay,"Drama, Adventure, Action",Movie,Hindi,,,10,7.5,,,8.75
1071,Swarg,"Drama, Life",Movie,Hindi,,,9.5,7.5,,,8.5
1070,Percy Jackson and the Olympians,"Drama, Adventure, Fantasy",Movie,English,,,8,7.5,,,7.75
1069,Coda,"Drama, Musical",Movie,English,,,,7.5,,,7.5
1068,Luca,"Drama, Adventure",Animated Movie,English,,,,7.5,,,7.5
1067,Luck,"Drama, Comedy",Animated Movie,English,,,,7.5,,,7.5
1066,The Ghazi Attack,"Action, Thriller, War",Movie,Hindi,,,,7.5,7,,7.25
1065,Ghostbusters: Afterlife,"Comedy, Adventure, Fantasy",Movie,English,,,6.5,7.5,,,7
1064,Due Date,"Drama, Comedy",Movie,English,,,6,7.5,,,6.75
1063,Pal Pal Dil ke Pass,"Comedy, Romance",Movie,Hindi,,,,7.5,,,7.5
1062,500 Days of Summer,"Drama, Comedy, Romance",Movie,English,,,,7.5,8,,7.75
1061,Begin Again,"Drama, Romance, Musical",Movie,English,,,,7.5,,,7.5
1060,Love Actually,"Drama, Comedy, Romance",Movie,English,,,,7.5,,,7.5
1059,Princess Diaries 2,"Drama, Romance",Movie,English,,,,7.5,,,7.5
1058,Top Gun,"Drama, Romance, Action",Movie,English,,,,7.5,,,7.5
1057,You've Got a Mail,"Drama, Comedy, Romance",Movie,English,,,,7.5,,,7.5
1056,Aashiqui 2,"Drama, Romance, Musical, Heartbreaking",Movie,Hindi,,,7,7.5,7.5,,7.33
1055,Veer Zara,"Drama, Romance",Movie,Hindi,,,6,7.5,,,6.75
1049,Oblivion,"Action, Sci-Fi, Thriller",Movie,English,,,8.5,7.5,,8,8
1048,Jurassic World,"Adventure, Fantasy, Sci-Fi, Thriller",Movie,English,,,7.5,7.5,,,7.5
1047,Contact,"Drama, Sci-Fi, Mystery",Movie,English,,,,7.5,,,7.5
1046,Princess Mononoke,"Adventure, Fantasy",Animated Movie,Japanese,,,,7.5,,,7.5
1045,The Wind Rises,"Drama, Real Incident",Animated Movie,Japanese,,,,7.5,,,7.5
983,IF  - Imaginary Friend,"Drama, Fantasy",Movie,English,,,10,7,,,8.5
982,Fast and Furious : Tokyo Drift,"Action, Crime, Thriller",Movie,English,,,10,7,,,8.5
981,The Legend of the drunken master,"Comedy, Action",Movie,English,,,10,7,,,8.5
980,The Karate Kid,"Drama, Action",Movie,English,,,9.5,7,,,8.25
979,Charlie and the Chocolate Factory,"Drama, Comedy, Life, Feel Good",Movie,English,,,9,7,,,8
978,Devil Wears Prada,"Drama, Comedy",Movie,English,,,,7,,,7
977,The Sixth Sense,"Drama, Thriller, Mystery",Movie,English,,,,7,,,7
976,Onward,"Adventure, Fantasy",Animated Movie,English,,,7.5,7,,,7.25
975,Cruella,"Drama, Life",Movie,English,,,6.5,7,,,6.75
973,Mumbai Pune Mumbai,"Drama, Comedy",Movie,Marathi,,,,7,,,7
969,The Pursuit of Happiness,"Drama, Life, Real Incident",Movie,English,,,9.5,7,,9,8.5
967,Murder on the Orient Express,"Drama, Thriller, Mystery, Gods & Demons",Movie,English,,,10,7,,,8.5
870,Alvin and the chipmunks,"Drama, Comedy, Feel Good",Movie,English,,,10,7,,,8.5
869,Ghostbusters 2,"Comedy, Action, Fantasy",Movie,English,,,10,7,,,8.5
868,Oz the Great and Powerful,"Drama, Adventure, Fantasy",Movie,English,,,10,7,,,8.5
867,Shaolin Soccer,"Comedy, Action, Sports",Movie,English,,,10,7,,,8.5
866,Pinnochio,"Drama, Fantasy",Animated Movie,English,,,10,7,,,8.5
865,Sing,"Comedy, Musical",Animated Movie,English,,,10,7,,,8.5
864,Sing 2,"Comedy, Musical",Animated Movie,English,,,10,7,,,8.5
863,Rush Hour 3,"Comedy, Action, Crime",Movie,English,,,9,7,,8,8
862,Escape Plan,"Crime, Thriller",Movie,English,,,7.5,7,8.5,,7.67
861,Jumanji 3,"Comedy, Adventure, Fantasy",Movie,English,,,8,7,,,7.5
860,Kong the Skull Island,"Adventure, Action, Fantasy",Movie,English,,,8,7,,,7.5
859,Monster House,"Drama, Horror",Animated Movie,English,,,8,7,,,7.5
858,Gabbar Is Back,"Drama, Action, Thriller",Movie,Hindi,,,9,7,6.5,7,7.38
857,Commando: A One Man Army,"Adventure, Action, Thriller",Movie,Hindi,,,8,7,7,,7.33
856,Catch Me If You Can,"Comedy, Crime",Movie,English,,,7.5,7,,,7.25
855,Maleficent,"Drama, Adventure, Fantasy",Movie,English,,,7.5,7,,,7.25
854,Peaky Blinders,"Drama, Crime, History",Movie,English,,,,7,,,7
853,Following (1998),"Crime, Thriller, Mystery",Movie,English,,,,7,,,7
852,Gifted,Drama,Movie,English,,,7,7,,,7
851,Fall,"Drama, Thriller",Movie,English,,,7,7,,,7
850,Fall Guy,"Drama, Adventure, Fantasy",Movie,English,,,7,7,,,7
849,Pitch Perfect,"Comedy, Musical",Movie,English,,,7,7,,,7
848,Spy Kids 2001,"Drama, Adventure, Action",Movie,English,,,7,7,,,7
847,The Outlaws,"Action, Crime, Thriller, Real Incident",Movie,Korean,,,7,7,,,7
846,Sultan,"Drama, Adventure, Sports",Movie,Hindi,,,,7,7,7,7
845,Airlift,"Drama, Thriller, History",Movie,Hindi,,,,7,,,7
844,Mohenjo Daro,"Drama, Action, History",Movie,Hindi,,,,7,,,7
843,Hamilton,"Drama, History, Musical",Movie,English,,,,7,,,7
842,Memento,"Drama, Thriller, Mystery",Movie,English,,,,7,,,7
841,Pitch Perfect 3,"Comedy, Musical",Movie,English,,,,7,,,7
840,Rain Man,Drama,Movie,English,,,,7,,,7
839,VIP 2,"Drama, Comedy",Movie,Tamil,,,,7,,,7
838,Ace Ventura - When Nature Calls,"Drama, Comedy",Movie,English,,,6.5,7,,,6.75
837,The Internship,"Drama, Comedy",Movie,English,,,6.5,7,,,6.75
836,Zombieland,"Comedy, Action, Horror",Movie,English,,,6.5,7,,,6.75
835,Yaarana (1981),"Drama, Musical",Movie,Hindi,,,6,7,,,6.5
834,36 China Town,"Comedy, Thriller, Mystery",Movie,Hindi,,,6,7,,,6.5
833,A Quiet Place Part 2,"Drama, Thriller, Mystery, Gods & Demons",Movie,English,,,6,7,,,6.5
832,Liar Liar,"Comedy, Fantasy",Movie,English,,,6,7,,,6.5
831,The Sorcerer's Apprentice,"Adventure, Action, Fantasy",Movie,English,,,5.5,7,,,6.25
830,Mr. Poppers's Penguins,"Drama, Comedy",Movie,English,,,5,7,,,6
829,Dolittle,"Comedy, Fantasy",Movie,English,,,4,7,,,5.5
828,Legally Blonde,"Comedy, Romance",Movie,English,,,,7,,,7
827,Breakfast at Tiffany's,"Drama, Comedy, Romance",Movie,English,,,,7,,,7
826,Just my Luck,"Comedy, Romance, Fantasy",Movie,English,,,,7,,,7
825,Wajood,"Drama, Romance, Thriller",Movie,Hindi,,,10,7,,,8.5
824,Forrest Gump,"Drama, Romance",Movie,English,,,10,7,,,8.5
823,Twilight Saga - New Moon,"Drama, Romance, Fantasy",Movie,English,,,8.5,7,,,7.75
822,Twilight Saga,"Drama, Romance, Fantasy",Movie,English,,,8,7,,,7.5
821,Twilight Saga - Breaking Dawn 2,"Drama, Romance, Fantasy",Movie,English,,,8,7,,,7.5
820,Twilight Saga - Eclipse,"Drama, Romance, Fantasy",Movie,English,,,8,7,,,7.5
819,Twilight Saga - Breaking Dawn 1,"Drama, Romance, Fantasy",Movie,English,,,8,7,,,7.5
818,Mann,"Drama, Romance",Movie,Hindi,,,,7,,,7
817,13 Going on 30,"Comedy, Romance, Feel Good",Movie,English,,,,7,,,7
816,Monte Carlo,"Drama, Comedy, Romance, Feel Good",Movie,English,,,,7,,,7
815,Pardes,"Romance, Musical, Drama",Movie,Hindi,,,7,7,,,7
814,Rang De Basanti,"Drama, Romance, History",Movie,Hindi,,,,7,7,,7
813,Confessions of a Shopaholic,"Drama, Comedy, Romance",Movie,English,,,,7,,,7
812,Anjaana Anjaani,"Drama, Comedy, Romance",Movie,Hindi,,,,7,,,7
811,Gadar: Ek Prem Katha,"Drama, Romance, Action",Movie,Hindi,,,,7,7,,7
810,Kismat Konnection,"Drama, Comedy, Romance",Movie,Hindi,,,,7,,,7
809,"Eat, Pray, Love","Drama, Romance",Movie,English,,,,7,,,7
808,Little Women,"Drama, Romance",Movie,English,,,,7,,,7
807,Roman Holiday,"Drama, Comedy, Romance",Movie,English,,,,7,,,7
806,Shaadi me Jarur Aana,"Drama, Romance",Movie,Hindi,,,,7,6.5,7,6.83
805,Devdas,"Drama, Romance, Musical",Movie,Hindi,,,6,7,,,6.5
804,Dilwale,"Comedy, Romance, Action",Movie,Hindi,,,6,7,,,6.5
803,The Secret Life of Walter Mitty,"Drama, Life, Feel Good, Adventure",Movie,English,,,8.5,7,,,7.75
793,X-Men: Apocalypse,"Adventure, Action, Sci-Fi, SuperPowers",Movie,English,,,9,7,,,8
792,X-Men: Days of Future Past,"Adventure, Action, Sci-Fi, SuperPowers",Movie,English,,,9,7,,,8
791,Terminator 3 : Rise of Machines,"Action, Sci-Fi, Thriller",Movie,English,,,8,7,,,7.5
790,X-Men: First Class,"Adventure, Action, Sci-Fi, SuperPowers",Movie,English,,,8,7,,,7.5
789,Lightyear,"Adventure, Sci-Fi",Animated Movie,English,,,7,7,,,7
787,Wall - E,"Drama, Adventure, Sci-Fi",Animated Movie,English,,,♾️,7,,,♾️
763,Star Wars: Return of the Jedi,"Adventure, Action, Sci-Fi",Movie,English,,,,7,,,7
762,Star Wars: Rise of Skywalker,"Adventure, Action, Sci-Fi",Movie,English,,,,7,,,7
761,Star Wars: The last Jedi,"Adventure, Action, Sci-Fi",Movie,English,,,,7,,,7
760,Godzilla x Kong : The New Empire,"Action, Sci-Fi, Thriller",Movie,English,,,7,7,,,7
759,Chain Reaction,"Action, Sci-Fi, Thriller",Movie,English,,,,7,,,7
758,Solaries,"Drama, Sci-Fi, Mystery",Movie,English,,,,7,,,7
757,Sunshine,"Adventure, Sci-Fi, Thriller",Movie,English,,,,7,,,7
756,Jurassic World: Fallen Kingdom,"Adventure, Fantasy, Sci-Fi, Thriller",Movie,English,,,6.5,7,,,6.75
755,Mission Mangal,"Drama, Sci-Fi",Movie,Hindi,,,,7,6,7,6.67
754,Jurassic World Dominion,"Adventure, Fantasy, Sci-Fi, Thriller",Movie,English,,,6,7,,,6.5
753,Passengers,"Drama, Romance, Sci-Fi",Movie,English,,,8,7,,,7.5
752,Baar Baar Dekho,"Drama, Romance, Sci-Fi",Movie,Hindi,,,,7,6,,6.5
751,My Neighbor Totoro,"Drama, Fantasy",Animated Movie,Japanese,,,,7,,,7
750,Kiki's Delivery Service,"Adventure, Fantasy",Animated Movie,Japanese,,,,7,,,7
738,Ghosted,"Comedy, Adventure, Action",Movie,English,,,7,6.5,,,6.75
737,Pukar,"Drama, Romance, Action",Movie,Hindi,,,,6.5,,,6.5
736,The Hero: Love Story of a Spy,"Romance, Action, Thriller",Movie,Hindi,,,,6.5,6.5,,6.5
735,Before Midnight,"Drama, Romance",Movie,English,,,,6.5,,,6.5
734,Before Sunset,"Drama, Romance",Movie,English,,,,6.5,,,6.5
733,What's Your Number?,"Comedy, Romance",Movie,English,,,6,6.5,,,6.25
732,The Circle,"Drama, Sci-Fi, Thriller",Movie,English,,,,6.5,,,6.5
731,A Whisker Away,"Romance, Fantasy",Animated Movie,Japanese,,,,6.5,,,6.5
645,Alvin and the chipmunks 3,"Drama, Comedy, Feel Good",Movie,English,,,9,6,,,7.5
644,Alvin and the chipmunks 2,"Drama, Comedy, Feel Good",Movie,English,,,8.5,6,,,7.25
643,Baaghi,"Drama, Comedy, Action",Movie,Hindi,,,8.5,6,6.5,,7
642,Snakes on a Plane,"Action, Horror, Thriller",Movie,English,,,8,6,,,7
641,Uri: The Surgical Strike,"Drama, Action, Thriller",Movie,Hindi,,,,6,7,8,7
640,Wanted,"Action, Crime, Thriller",Movie,Hindi,,,7,6,7.5,7,6.88
639,Alice in Wonderland,"Feel Good, Fantasy, Magic",Movie,English,,,7.5,6,,,6.75
638,Home Alone 3,"Drama, Comedy, Adventure",Movie,English,,,7.5,6,,,6.75
637,Gangaajal,"Drama, Crime, Thriller",Movie,Hindi,,,,6,7.5,,6.75
636,Ab Tumhare Hawale Watan Saathiyo,"Drama, Action, War",Movie,Hindi,,,6,6,7,,6.33
635,Singham Returns,"Drama, Action",Movie,Hindi,,,7.5,6,5.5,6,6.25
634,Percy Jackson - Sea of Monsters,"Drama, Adventure, Fantasy",Movie,English,,,6,6,,,6
633,Baby Driver,"Drama, Crime, Thriller",Movie,English,,,6,6,,,6
632,Goosebumps,"Drama, Comedy, Adventure",Movie,English,,,6,6,,,6
631,Home Alone 2: Lost in New York,"Drama, Comedy, Adventure",Movie,English,,,6,6,,,6
630,The Map of Tiny Perfect Things,"Drama, Comedy, Fantasy",Movie,English,,,6,6,,,6
629,Jungle Cruise,"Comedy, Adventure, Fantasy",Movie,English,,,5,6,,,5.5
628,Notting Hill,"Drama, Comedy, Romance",Movie,English,,,,6,,,6
627,Fault in our Stars,"Drama, Romance",Movie,English,,,,6,,,6
626,What Happens in Vegas,"Comedy, Romance",Movie,English,,,,6,,,6
625,Delhi-6,"Drama, Romance, Musical",Movie,Hindi,,,,6,,,6
623,Adventures of Sharkboy and Lavagirl,"Comedy, Fantasy, Sci-Fi, SuperPowers",Movie,English,,,9.5,6,,,7.75
608,I Robot,"Action, Sci-Fi, Thriller",Movie,English,,,10,6,,,8
607,Jurassic Park 3,"Adventure, Sci-Fi, Thriller",Movie,English,,,9,6,,,7.5
606,Jurassic Park 2,"Adventure, Sci-Fi, Thriller",Movie,English,,,8.5,6,,,7.25
605,The Adam Project,"Comedy, Adventure, Sci-Fi",Movie,English,,,8,6,,,7
604,Maze Runner: The Scorch Trials,"Adventure, Sci-Fi, Thriller",Movie,English,,,7.5,6,,,6.75
603,Armageddon,"Sci-Fi, Thriller",Movie,English,,,7,6,,,6.5
602,Maze Runner: The Death Cure,"Adventure, Sci-Fi, Thriller",Movie,English,,,6.5,6,,,6.25
601,Looper,"Action, Sci-Fi, Thriller",Movie,English,,,4,6,,6,5.33
600,The Space Between Us,"Drama, Romance, Sci-Fi",Movie,English,,,,6,,,6
598,The Spy Next Door,"Drama, Feel Good, Action",Movie,English,,,5,5.5,,,5.25
597,Back to the Future 2,"Comedy, Adventure, Sci-Fi",Movie,English,,,,5.5,,,5.5
578,Yevadu,"Drama, Action, Thriller",Movie,Telugu,,,9,5,,,7
577,Raya and Last Dragon,"Adventure, Fantasy",Animated Movie,English,,,6.5,5,,,5.75
576,Pitch Perfect 2,"Comedy, Musical",Movie,English,,,5,5,,,5
575,Tom and Jerry - The Live Adaption,"Drama, Comedy, Adventure",Movie,English,,,5,5,,,5
574,Saina,"Drama, Sports, Real Incident",Movie,Hindi,,,,5,5,,5
573,Bagghi 2,"Romance, Action, Thriller",Movie,Hindi,,,6,5,6.5,7,6.13
572,No Hard Feelings,"Comedy, Romance",Movie,English,,,3,5,,5,4.33
570,Dune 2,"Action, Fantasy, Sci-Fi, Thriller, SuperPowers",Movie,English,,,10,5,,,7.5
565,Valerian and the City of Thousand Planets,"Adventure, Action, Sci-Fi",Movie,English,,,10,5,,,7.5
564,Star Trek Beyond,"Adventure, Action, Sci-Fi",Movie,English,,,8.5,5,,,6.75
563,Terminator : Dark Fate,"Action, Sci-Fi, Thriller",Movie,English,,,7.5,5,,,6.25
562,Moonfall,"Sci-Fi, Thriller, Gods & Demons, SuperPowers",Movie,English,,,7,5,,,6
561,Dark Phoenix,"Action, Fantasy, Sci-Fi, Thriller, SuperPowers",Movie,English,,,6.5,5,,,5.75
560,Terminator : Salvation,"Action, Sci-Fi, Thriller",Movie,English,,,5.5,5,,,5.25
559,Star Wars: Solo,"Adventure, Action, Sci-Fi",Movie,English,,,,5,,,5
558,Hollow Man,"Sci-Fi, Horror, Thriller",Movie,English,,,2,5,,,3.5
555,The Grudge,"Horror, Thriller, Mystery",Movie,English,,,,4,,,4
554,Back to the Future 3,"Comedy, Adventure, Sci-Fi",Movie,English,,,,4,,,4
552,Dora and the Lost City of Gold,"Comedy, Fantasy, Thriller, Mystery",Movie,English,,,2,2,,,2
548,Gladiator 2,"Drama, Adventure, Action",Movie,English,,,,1,,,1
547,Princess Diaries,"Drama, Romance",Movie,English,,,,1,,,1
490,Hunter X Hunter ,"Comedy, Action, Fantasy, Classic, Magic",Animated Series,Japanese,6,,♾️,,,,♾️
489,Haikyuu,"Drama, Life, Feel Good, Sports",Animated Series,Japanese,4,,♾️,,,,♾️
487,86 - Eighty Six ,"Action, Sci-Fi, Thriller, War",Animated Series,Japanese,2,,♾️,,,,♾️
475,Sherlock Holmes (2009),"Adventure, Action, Mystery",Movie,English,,,9.5,,,,9.5
474,Sherlock Holmes: A Game of Shadows,"Adventure, Action, Mystery",Movie,English,,,9,,,,9
472,Haikyuu Dumpster Battle,"Drama, Sports",Animated Movie,Japanese,,,♾️,,,,♾️
465,Shangri-La Frontier,"Action, Fantasy, Sci-Fi, Magic",Animated Series,Japanese,2,,10,,,,10
464,Binchou Tan,"Life, Feel Good, Classic",Animated Series,Japanese,1,,10,,,,10
463,Buddy Daddies,"Drama, Comedy, Life, Feel Good, Action",Animated Series,Japanese,1,,10,,,,10
462,Juni Taisen : Zodiac War,"Action, Fantasy, Thriller, SuperPowers",Animated Series,Japanese,1,,10,,,,10
461,Masterful Cat is depressed again today,"Drama, Comedy, Life, Feel Good, Different",Animated Series,Japanese,1,,10,,,,10
460,School Babysitters,"Drama, Comedy, Life, Feel Good",Animated Series,Japanese,1,,10,,,,10
459,"Love, Death and Robots","Fantasy, Sci-Fi, Mystery, Different",Series,English,3,,♾️,,,,♾️
458,Death's Game,"Drama, Life, Fantasy, Crime, Thriller, Gods & Demons, Magic",Series,Korean,1,,♾️,,,,♾️
457,W : Two Worlds,"Drama, Fantasy, Thriller, Mystery, Magic",Series,Korean,1,,♾️,,,,♾️
456,Mashle Magic and Muscles,"Drama, Comedy, Action, Fantasy, Magic",Animated Series,Japanese,2,,9.5,,,,9.5
455,Wu Shan Wu Xing: Xi Chuan Huan Zi Lin,"Action, Fantasy, Gods & Demons, Magic",Animated Series,Chinese,2,,♾️,,,,♾️
454,X-Men '97 - New,"Adventure, Action, Sci-Fi, SuperPowers",Animated Series,English,1,,♾️,,,,♾️
453,Hell's Paradise,"Action, Fantasy, Thriller, Mystery, Dark Comedy, Gods & Demons, Magic",Animated Series,Japanese,1,,9.5,,,,9.5
452,LBX - Little Battler's Experience Wars,"Adventure, Action, Sci-Fi, Classic, War, Different",Animated Series,Japanese,1,,9.5,,,,9.5
450,Big Mouth,"Drama, Crime, Thriller, Mystery",Series,Korean,1,,10,,,,10
449,Vincenzo,"Drama, Comedy, Crime, Mystery",Series,Korean,1,,10,,,,10
448,Vivy - Fluorite Eye's Song,"Action, Sci-Fi, Thriller, War, SuperPowers",Animated Series,Japanese,1,,9.5,,,,9.5
446,Devil is a part timer,"Comedy, Fantasy, Gods & Demons, Magic",Animated Series,Japanese,2,,9,,,,9
444,X-Men 97 - Original,"Adventure, Action, Sci-Fi, SuperPowers",Animated Series,English,5,,9.5,,,,9.5
443,Komi Can't Communicate,"Drama, Comedy, Life, Feel Good",Animated Series,Japanese,2,,9,,,,9
442,Way of the Househusband,"Drama, Comedy, Life, Feel Good",Animated Series,Japanese,2,,9,,,,9
441,LBX - Little Battler's Experience,"Adventure, Action, Sci-Fi, Classic, Different",Animated Series,Japanese,1,,9,,,,9
440,Miss Koboyashi's Dragon Maid S,"Drama, Comedy, Life, Feel Good, Fantasy, Magic",Animated Series,Japanese,1,,9,,,,9
439,Zom 100 -  Bucket List of the Dead,"Drama, Comedy, Sci-Fi, Gods & Demons",Animated Series,Japanese,1,,9,,,,9
436,Beelzebub,"Comedy, Feel Good, Fantasy, Classic, Gods & Demons, Magic",Animated Series,Japanese,1,,8.5,,,,8.5
434,Uncanny Counter,"Comedy, Action, Fantasy, Gods & Demons, SuperPowers",Series,Korean,2,,9,,,,9
433,Pitchers,"Drama, Comedy",Series,Hindi,2,,,,9,9,9
432,I Was Reincarnated as the 7th Prince,"Comedy, Feel Good, Action, Fantasy, Magic, Isekai",Animated Series,Japanese,1,,8.5,,,,8.5
431,Laid Back Camp,"Drama, Life, Feel Good",Animated Movie,Japanese,,,8.5,,,,8.5
430,My Dress up Darling,"Drama, Romance, Feel Good",Animated Series,Japanese,1,,8.5,,,,8.5
428,Bartender - Glass of God,"Drama, Life",Animated Series,Japanese,1,,8,,,,8
426,Clean Freak Aoyama Kun,"Drama, Comedy, Life, Feel Good",Animated Series,Japanese,1,,8,,,,8
424,Dororo,"Drama, Life, Action, Fantasy, Mystery, Gods & Demons",Animated Series,Japanese,1,,8,,,,8
423,Miss Koboyashi's Dragon Maid,"Drama, Comedy, Life, Feel Good, Fantasy, Magic",Animated Series,Japanese,1,,8,,,,8
422,The Newsroom,"Drama, Dark Comedy",Series,English,3,,8.5,,,,8.5
421,My Name,"Drama, Life, Action, Thriller, Mystery",Series,Korean,1,,8.5,,,,8.5
420,Bloodhounds,"Drama, Action, Thriller, Mystery",Series,Korean,1,,8.5,,,,8.5
419,Suicide Squad Isekai,"Comedy, Action, Fantasy, Sci-Fi, Gods & Demons, Magic",Animated Series,Japanese,1,,8,,,,8
418,Undead Unluck,"Comedy, Action, Fantasy, Different, Gods & Demons, Magic, SuperPowers",Animated Series,Japanese,1,,8,,,,8
417,Wind Breaker,"Drama, Action",Animated Series,Japanese,1,,8,,,,8
416,Beyond the Boundary,"Romance, Action, Fantasy, Gods & Demons, Magic",Animated Series,Japanese,1,,8,,,,8
414,The Queen's Gambit,"Drama, Thriller, History",Series,English,1,,8,,8.5,,8.25
413,Go Go Loser Rangers,"Drama, Comedy, Action, Sci-Fi, Mystery, SuperPowers",Animated Series,Japanese,1,,7.5,,,,7.5
412,Himouto! Umaru-Chan R ,"Drama, Comedy, Life, Feel Good",Animated Series,Japanese,1,,7.5,,,,7.5
411,Skeleton Knight in another world,"Comedy, Action, Fantasy, Magic, Isekai",Animated Series,Japanese,1,,7.5,,,,7.5
410,Thermae Romae,"Drama, Fantasy, History",Animated Movie,Japanese,,,7.5,,,,7.5
409,Super Crooks,"Action, Sci-Fi, Thriller",Animated Series,Japanese,1,,7.5,,,,7.5
402,Viral Hit - Season 1,"Drama, Comedy, Action, Crime",Animated Movie,Japanese,,,7.5,,,,7.5
400,Locke and Key,"Drama, Fantasy, Horror, Thriller",Series,English,3,,8,,,,8
399,King's Avatar,"Drama, Comedy, Action, Sci-Fi",Series,Chinese,2,,8,,,,8
398,Shadow and Bone,"Drama, Adventure, Fantasy",Series,English,2,,8,,,,8
397,Weak Hero,"Drama, Life, Thriller",Series,Korean,1,,8,,,,8
396,Berserk of Gluttony,"Action, Fantasy, Magic, SuperPowers",Animated Series,Japanese,1,,7,,,,7
395,Farming Life in Another Life,"Drama, Comedy, Life, Feel Good, Fantasy, Magic",Animated Series,Japanese,1,,7,,,,7
394,Parallel World Pharmacy,"Drama, Feel Good, Action, Magic, Isekai",Animated Series,Japanese,1,,7,,,,7
393,Reincarnated as a sword,"Action, Fantasy, Magic, Isekai",Animated Series,Japanese,1,,7,,,,7
386,I Parry Everything,"Comedy, Action, Fantasy, Gods & Demons, Magic",Animated Series,Japanese,1,,6.5,,,,6.5
385,Mysterious Disappearances ,"Drama, Fantasy, Thriller, Mystery, History, Magic",Animated Series,Japanese,1,,6.5,,,,6.5
382,Campfire Cooking in another world with my absurd skill,"Comedy, Feel Good, Fantasy, Magic, Isekai",Animated Series,Japanese,1,,6,,,,6
376,Revolution,"Drama, Adventure, Sci-Fi",Series,English,2,,7,,,,7
375,Selection Day,"Drama, Sports",Series,Hindi,2,,,,7,,7
374,The Silent Sea,"Sci-Fi, Crime, Thriller, Mystery",Series,Korean,1,,7,,,,7
373,Khakee: The Bihar Chapter,"Drama, Comedy",Series,Hindi,1,,,,7,,7
372,Highschool of the Dead,"Drama, Action, Classic, Horror, Thriller, Gods & Demons",Animated Series,Japanese,1,,6,,,,6
371,Himouto! Umaru Chan,"Drama, Comedy, Life, Feel Good",Animated Series,Japanese,1,,6,,,,6
370,Kingdom of Ruins,"Romance, Action, Fantasy, War, Magic",Animated Series,Japanese,1,,5,,,,5
368,Happiness,"Drama, Horror, Thriller",Series,Korean,1,,6.5,,,,6.5
367,Reborn Rich,"Drama, Life, Mystery",Series,Korean,1,,6.5,,,,6.5
366,No Longer Allowed in Another World,"Drama, Fantasy, Dark Comedy, Magic, Isekai",Animated Series,Japanese,1,,5,,,,5
365,Sweetness and Lightning,"Drama, Comedy, Life, Feel Good",Animated Series,Japanese,1,,5,,,,5
333,Unamed Memory,"Drama, Romance, Fantasy, Magic",Animated Series,Japanese,1,,5,,,,5
295,Love Designer ,"Drama, Comedy, Life, Romance, Feel Good",Series,Chinese,1,,♾️,,,,♾️
290,Goblin - The Great and Lonely God,"Drama, Comedy, Romance, Feel Good, Gods & Demons, Magic",Series,Korean,1,,9.5,,,,9.5
289,Love at First Swipe,"Drama, Comedy, Romance",Series,Indonesian,1,,9,,,,9
288,Emily In Paris (4 Seaons),"Drama, Comedy, Life, Romance, Feel Good",Series,English,4,,8.5,,,,8.5
282,You are being summoned Azazel Z,"Drama, Comedy, Fantasy, Gods & Demons, Magic",Animated Series,Japanese,1,,5,,,,5
268,Itaewon Class,"Drama, Comedy, Life, Romance, Feel Good",Series,Korean,1,,8,,,,8
250,Plunderer,"Comedy, Action, Sci-Fi, War, SuperPowers",Animated Series,Japanese,1,,4,,,,4
246,Queen of Tears,"Drama, Comedy, Romance, Thriller, Mystery",Series,Korean,1,,7.5,,,,7.5
245,Tonari no Yokai-san,"Comedy, Fantasy",Animated Series,Japanese,1,,4,,,,4
243,My Girlfriend is an Alien,"Drama, Comedy, Romance, Sci-Fi, SuperPowers",Series,Chinese,2,,7,,,,7
235,Mr Queen,"Drama, Comedy, Romance, Fantasy, History",Series,Korean,1,,7,,,,7
232,Super Secret,"Drama, Comedy, Romance, Fantasy, Magic",Series,Korean,1,,7,,,,7
226,True Beauty,"Drama, Comedy, Romance",Series,Korean,1,,7,,,,7
220,Batameez Dil,"Drama, Romance, Musical",Series,Hindi,1,,6,,6.5,,6.25
217,Night at the museum,"Drama, Comedy, Fantasy",Movie,English,,,♾️,,,,♾️
216,300 : Rise of an Empire,"Drama, Action, Thriller, War, History, Real Incident",Movie,English,,,♾️,,,,♾️
215,Reborn as Vending Machine,"Comedy, Fantasy, Magic, Isekai",Animated Series,Japanese,1,,3,,,,3
214,Sasaki and Peeps,"Sci-Fi, SuperPowers",Animated Series,Japanese,1,,3,,,,3
213,Koi To Uso,"Drama, Romance",Movie,Japanese,,,3,,,,3
212,Batman Ninja,"Action, Fantasy, Sci-Fi, History, SuperPowers",Animated Movie,Japanese,,,3,,,,3
211,Legends of Guardians : The Owls of Ga'Hoole,"Adventure, Fantasy, Different",Animated Movie,English,,,♾️,,,,♾️
210,Death Bell,"Horror, Crime, Thriller, Mystery",Movie,English,,,10,,,,10
209,A Boy called Christmas,"Life, Feel Good, Fantasy, Mystery",Movie,English,,,10,,,,10
208,Bean,"Drama, Comedy, Life, Feel Good",Movie,English,,,10,,,,10
207,Bridge to Terabithia,"Drama, Life, Feel Good, Different",Movie,English,,,10,,,,10
206,Gods of Egypt,"Adventure, Action, Fantasy",Movie,English,,,10,,,,10
205,IP Man 3,"Drama, Action, History, Real Incident",Movie,English,,,10,,,,10
204,Master Z - Ip Man Legacy,"Drama, Action, Thriller",Movie,English,,,10,,,,10
203,Night at the Museum 2,"Drama, Comedy, Fantasy",Movie,English,,,10,,,,10
202,Night at the Museum 3,"Drama, Comedy, Fantasy",Movie,English,,,10,,,,10
201,Night at the Museum 4,"Drama, Comedy, Fantasy",Movie,English,,,10,,,,10
200,Real Steel,"Drama, Action, Sci-Fi",Movie,English,,,10,,,,10
199,Robin B-Hood,"Drama, Comedy, Life, Feel Good",Movie,Chinese,,,10,,,,10
198,The Last Samurai,"Drama, Action, History",Movie,English,,,10,,,,10
197,Trading Places,"Drama, Comedy",Movie,English,,,10,,,,10
196,Kubo and Two Strings,"Adventure, Fantasy, Different",Animated Movie,English,,,10,,,,10
195,Arthur Christmas,"Drama, Comedy, Feel Good, Fantasy",Animated Movie,English,,,10,,,,10
194,Klaus,"Comedy, Life",Animated Movie,English,,,10,,,,10
193,Turbo,"Comedy, Adventure, Sci-Fi",Animated Movie,English,,,10,,,,10
192,A Taxi Driver,"Drama, Crime, Thriller, History, Real Incident",Movie,Korean,,,9.5,,,,9.5
191,Ballerina,"Action, Thriller",Movie,Korean,,,9.5,,,,9.5
190,Central Intelligence,"Comedy, Action, Thriller",Movie,English,,,9.5,,,,9.5
189,Coach Carter,"Drama, Life",Movie,English,,,9.5,,,,9.5
188,Fast 5,"Adventure, Action, Crime",Movie,English,,,9.5,,,,9.5
187,IP Man 1,"Drama, Action, History, Real Incident",Movie,English,,,9.5,,,,9.5
186,The Creator,"Action, Sci-Fi, Thriller",Movie,English,,,9.5,,,,9.5
185,The Roundup - No Way Out,"Crime, Thriller, Real Incident",Movie,Korean,,,9.5,,,,9.5
184,The Terminal,"Drama, Comedy, Life, Romance, Feel Good",Movie,English,,,9.5,,,,9.5
183,Lorax,"Drama, Fantasy, Dark Comedy",Animated Movie,English,,,9.5,,,,9.5
182,The Blind Side,"Drama, Sports, Real Incident",Movie,English,,,10,,,9,9.5
181,13 Hours,"Action, Crime, Thriller, War, History, Real Incident",Movie,English,,,9,,,,9
180,A Writer's Odyssey,"Fantasy, Thriller, Gods & Demons, Magic",Movie,Chinese,,,9,,,,9
179,Clash of Titans,"Action, Fantasy, Thriller, War, History, Gods & Demons",Movie,English,,,9,,,,9
178,Mughal-e-Azam,"Drama, Romance, History",Movie,Hindi,,,9,,,,9
177,Mulan,"Adventure, Fantasy",Movie,English,,,9,,,,9
176,Ocean's 12,"Comedy, Sci-Fi, Thriller",Movie,English,,,9,,,,9
175,Snake in Eagle's Shadow,"Comedy, Action",Movie,English,,,9,,,,9
174,Warcraft,"Adventure, Action, Fantasy",Movie,English,,,9,,,,9
173,Wrath of Titans,"Adventure, Action, Fantasy",Movie,English,,,9,,,,9
172,Cloudy with the Chance of Meatballs,"Drama, Comedy, Sci-Fi",Animated Movie,English,,,9,,,,9
171,Secret Life of Pets 2,"Comedy, Adventure",Animated Movie,English,,,9,,,,9
170,36th Chamber of Shaolin,"Drama, Action",Movie,English,,,8.5,,,,8.5
169,Blast from the Past,"Drama, Comedy, Sci-Fi",Movie,English,,,8.5,,,,8.5
168,Ender's Game,"Action, Fantasy, Sci-Fi, Thriller, War",Movie,English,,,8.5,,,,8.5
167,Founder,"Drama, Real Incident",Movie,English,,,8.5,,,,8.5
166,Ghulam-e-Musthafa,"Drama, Action, Crime",Movie,Hindi,,,8.5,,,,8.5
165,Hacksaw Ridge,"Drama, War, History, Real Incident",Movie,English,,,8.5,,,,8.5
164,Miss Peregrine's Home for peculiar children,"Adventure, Fantasy, Mystery",Movie,English,,,8.5,,,,8.5
163,Ocean's 13,"Comedy, Sci-Fi, Thriller",Movie,English,,,8.5,,,,8.5
162,Rockstar,"Drama, Romance, Musical",Movie,Hindi,,,8.5,,8.5,,8.5
161,The Day After Tomorrow,"Adventure, Action, Sci-Fi",Movie,English,,,8.5,,,,8.5
160,"The Gangster, the cop and the devil","Action, Crime, Thriller, Real Incident",Movie,Korean,,,8.5,,,,8.5
159,The Hitman's Wife's Bodyguard,"Comedy, Action, Thriller",Movie,English,,,8.5,,,,8.5
158,The Intouchables,"Drama, Comedy, Real Incident",Movie,English,,,8.5,,,,8.5
157,The Man from Toronto,"Comedy, Action, Thriller",Movie,English,,,8.5,,,,8.5
156,Johnny English Strikes Again,"Comedy, Adventure, Action",Movie,English,,,8.5,,,,8.5
155,Mary Poppins Returns,"Drama, Fantasy, Musical",Movie,English,,,8.5,,,,8.5
154,Cloudy with the Chance of Meatballs 2,"Drama, Comedy, Sci-Fi, Different",Animated Movie,English,,,8.5,,,,8.5
153,Mirgation,"Drama, Thriller",Animated Movie,English,,,8.5,,,,8.5
152,The Croods,"Comedy, Adventure",Animated Movie,English,,,8.5,,,,8.5
151,A Haunting in Venice,"Horror, Crime, Thriller, Mystery",Movie,English,,,8,,,,8
150,Along with the gods -  Two worlds,"Fantasy, Thriller, Different, Gods & Demons, Magic",Movie,Korean,,,8,,,,8
149,Death on the Nile,"Crime, Thriller, Mystery",Movie,English,,,8,,,,8
148,Fast and Furious - F9,"Action, Crime, Thriller",Movie,English,,,8,,,,8
147,Furious 7,"Action, Crime, Thriller",Movie,English,,,8,,,,8
146,Hancock,"Drama, Comedy, Action",Movie,English,,,8,,,,8
145,Heart of Stone,"Drama, Action, Thriller",Movie,English,,,8,,,,8
144,Johnny English,"Comedy, Adventure, Action",Movie,English,,,8,,,,8
143,Krantiveer,"Drama, Action",Movie,Hindi,,,8,,,,8
142,Lift,"Drama, Adventure, Thriller",Movie,English,,,8,,,,8
141,Mortal Engines,"Adventure, Action, Sci-Fi",Movie,English,,,8,,,,8
140,Rampage,"Adventure, Action, Sci-Fi",Movie,English,,,8,,,,8
139,Red Notice,"Comedy, Action, Crime",Movie,English,,,8,,,,8
138,Rose Island,"Drama, Dark Comedy",Movie,Italian,,,8,,,,8
137,Space Sweepers,"Action, Sci-Fi, Thriller",Movie,Korean,,,8,,,,8
136,The Gray Man,"Action, Thriller",Movie,English,,,8,,,,8
135,The Hitman's Bodyguard,"Comedy, Action, Thriller",Movie,English,,,8,,,,8
134,The Lone Ranger,"Adventure, Action",Movie,English,,,8,,,,8
133,The Roundup,"Action, Crime, Thriller, Real Incident",Movie,Korean,,,8,,,,8
132,Secret Life of pets,"Comedy, Adventure",Animated Movie,English,,,8,,,,8
131,The Mitchells vs The Machines,"Drama, Adventure",Animated Movie,English,,,8,,,,8
130,Fifty Shades of Grey 2,"Drama, Romance",Movie,English,,,8,,7.5,,7.75
129,The Fast and the Furious,"Action, Crime, Thriller",Movie,English,,,7,,8.5,,7.75
128,2 Fast 2 Furious,"Comedy, Action, Sci-Fi",Movie,English,,,7.5,,7.5,,7.5
127,Bleeding Steel,"Comedy, Action, Sci-Fi",Movie,Chinese,,,7.5,,,,7.5
126,Case Depart,"Drama, Comedy, Sci-Fi, History",Movie,English,,,7.5,,,,7.5
125,Fast and Furious 4,"Adventure, Action, Thriller",Movie,English,,,7.5,,,,7.5
124,Green Book,"Drama, Comedy, Real Incident",Movie,English,,,7.5,,,,7.5
123,Magi : Adventures of Sinbad,"Comedy, Fantasy, Magic",Animated Series,Japanese,1,,2,,,,2
122,Tasuketsu - Fate of the Majority,"Fantasy, Thriller, Mystery, SuperPowers",Animated Series,Japanese,1,,2,,,,2
121,Kotaro Lives Alone,"Drama, Life, Feel Good",Animated Series,Japanese,1,,1,,,,1
120,IP Man 2,"Drama, Action, History, Real Incident",Movie,English,,,7.5,,,,7.5
119,Ministry of ungentlemanly warfare,"Action, War, History",Movie,English,,,7.5,,,,7.5
118,Rango,"Comedy, Adventure, Different",Movie,English,,,7.5,,,,7.5
116,The Magnificient Seven,"Adventure, Action",Movie,English,,,7.5,,,,7.5
115,A Beautiful Curse,"Drama, Life, Romance, Thriller, Mystery",Movie,English,,,7.5,,,,7.5
114,Vanguard ,"Action, Sci-Fi, Thriller",Movie,Chinese,,,7.5,,,,7.5
113,Happy Bhaag Jayegi,"Drama, Comedy, Romance",Movie,Hindi,,,,,,7.5,7.5
112,Aitraaz,"Drama, Romance, Thriller",Movie,Hindi,,,,,7.5,,7.5
111,Garv,"Drama, Action",Movie,Hindi,,,,,7.5,,7.5
110,Pawn Sacrifice,"Drama, Thriller, Real Incident",Movie,English,,,,,7.5,,7.5
109,Planes 2,"Comedy, Fantasy",Animated Movie,English,,,7.5,,,,7.5
108,Crazy Rich Asians,"Drama, Romance, Feel Good",Movie,English,,,8,,,6.5,7.25
107,6 Underground,"Comedy, Action, Sci-Fi, Crime, Thriller",Movie,English,,,7,,,,7
106,Argylle,"Drama, Comedy, Action",Movie,English,,,7,,,,7
105,Atlas,"Action, Sci-Fi, War",Movie,English,,,7,,,,7
104,Bad Guys : Reign of Chaos - The Movie,"Drama, Action, Crime, Mystery",Movie,Korean,,,7,,,,7
103,Beauty Water,"Thriller, Mystery, Dark Comedy",Movie,Korean,,,7,,,,7
102,Childhood's End,"Fantasy, Thriller, Mystery, Dark Comedy, Gods & Demons",Series,English,1,,4,,,,4
101,Beekeeper,"Action, Crime, Thriller",Movie,English,,,7,,,,7
100,Black Knight,"Drama, Comedy, Fantasy, History",Movie,English,,,7,,,,7
99,Fifty Shades of Grey 1,"Drama, Romance, Thriller",Movie,English,,,7,,7,,7
98,Chinese Zodiac,"Comedy, Action",Movie,English,,,7,,,,7
97,Countdown,"Fantasy, Horror, Thriller",Movie,English,,,7,,,,7
96,Fast and Furious 6,"Adventure, Action, Crime",Movie,English,,,7,,,,7
95,Invincible Iron Head,"Comedy, Action",Movie,Chinese,,,7,,,,7
94,Johnny English Reborn,"Comedy, Adventure, Action",Movie,English,,,7,,,,7
93,Kate,"Drama, Action, Thriller",Movie,English,,,7,,,,7
92,Kill Boksoon,"Drama, Life, Action",Movie,Korean,,,7,,,,7
91,Pirates - The Last Royal Treasure,"Fantasy, Thriller, Mystery",Movie,Korean,,,7,,,,7
90,Spy Kids 2 : Island of lost Dreams,"Drama, Adventure, Action",Movie,English,,,7,,,,7
89,The Fate of the furious - 8,"Drama, Action, Crime, Thriller",Movie,English,,,7,,,,7
88,The Foreigner,"Drama, Action, Thriller",Movie,English,,,7,,,,7
87,The Man from UNCLE,"Comedy, Adventure, Action",Movie,English,,,7,,,,7
86,The Protege,"Action, Thriller",Movie,English,,,7,,,,7
85,The Roundup - Punishment,"Crime, Thriller, Real Incident",Movie,Korean,,,7,,,,7
84,The Secret of My Success,"Comedy, Romance, Feel Good",Movie,English,,,7,,,,7
83,Chandigarh Kare Ashiqui,"Drama, Comedy, Romance",Movie,Hindi,,,,,7,7,7
82,The Legend of Bhagat Singh,"Drama, History, Real Incident",Movie,Hindi,,,,,7,,7
81,Bee Movie,"Comedy, Fantasy",Animated Movie,English,,,7,,,,7
80,DC Leagues of Super Pets,"Comedy, Action, Fantasy, Sci-Fi, SuperPowers",Animated Movie,English,,,7,,,,7
79,Home,"Drama, Comedy, Adventure",Animated Movie,English,,,7,,,,7
78,Planes,"Comedy, Fantasy",Animated Movie,English,,,7,,,,7
77,The Croods : 2,"Comedy, Adventure",Animated Movie,English,,,7,,,,7
76,The King's Man,"Comedy, Adventure, Action",Movie,English,,,7,,,6,6.5
75,355,"Action, Thriller, War",Movie,English,,,6.5,,,,6.5
74,Badland Hunters,"Sci-Fi, Thriller",Movie,Korean,,,6.5,,,,6.5
73,Boy Kills World,"Sci-Fi, Thriller, SuperPowers",Movie,English,,,6.5,,,,6.5
72,Chronicles of the Ghostly Tribes,"Fantasy, Sci-Fi, Thriller, Mystery, Gods & Demons, SuperPowers",Movie,Mandarin,,,6.5,,,,6.5
71,Fast X Part One,"Adventure, Action, Crime",Movie,English,,,6.5,,,,6.5
70,The Age of Adelaine,"Drama, Romance, Fantasy",Movie,English,,,6.5,,,,6.5
69,Fifty Shades of Grey 3,"Drama, Romance, Thriller",Movie,English,,,6,,7,,6.5
68,Gold,"Drama, History, Sports",Movie,Hindi,,,,,6.5,,6.5
67,Soorma,"Drama, Sports, Real Incident",Movie,Hindi,,,,,6.5,,6.5
66,#Alive,"Sci-Fi, Horror, Thriller, Mystery, Gods & Demons",Movie,Korean,,,6,,,,6
65,4x4,"Drama, Sci-Fi, Crime, Thriller, Mystery",Movie,English,,,6,,,,6
64,American Carnage,"Horror, Crime, Thriller, Mystery",Movie,English,,,6,,,,6
63,Immaculate,"Drama, Horror, Thriller",Movie,English,,,6,,,,6
62,Jolt,"Comedy, Action, Thriller",Movie,English,,,6,,,,6
61,Jumper,"Adventure, Action, Sci-Fi",Movie,English,,,6,,,,6
60,San Andreas,"Adventure, Action, Thriller",Movie,English,,,6,,,,6
59,Sky High,"Drama, Comedy, Action",Movie,English,,,6,,,,6
58,Skyscraper,"Drama, Action, Thriller",Movie,English,,,6,,,,6
57,Tower Heist,"Comedy, Action, Crime",Movie,English,,,6,,,,6
56,Underdog,"Drama, Comedy",Movie,English,,,6,,,,6
55,Van Helsing,"Action, Fantasy, Horror",Movie,English,,,6,,,,6
54,Senseless,"Comedy, Romance, Sci-Fi",Movie,English,,,6,,,,6
53,83,"Drama, Sports, Real Incident",Movie,Hindi,,,,,5,7,6
51,Jersey,"Drama, Documentary",Movie,Hindi,,,,,6,,6
50,My Fault,"Drama, Romance, Gods & Demons",Movie,English,,,,,6,,6
49,Monster vs Aliens,"Comedy, Adventure, Sci-Fi",Animated Movie,English,,,6,,,,6
48,Ava,"Drama, Action, Thriller",Movie,English,,,5.5,,,,5.5
47,I Think We Are Alone Now,"Drama, Sci-Fi, Mystery",Movie,English,,,5.5,,,,5.5
46,The Menu,"Comedy, Horror, Thriller",Movie,English,,,5.5,,,,5.5
45,Ghostbusters: Frozen Empire,"Comedy, Adventure, Fantasy",Movie,English,,,5,,,,5
44,I am Number Four,"Action, Fantasy, Sci-Fi",Movie,English,,,5,,,,5
43,Kung Fu Yoga,"Comedy, Adventure, Action",Movie,English,,,5,,,,5
42,Nowhere,"Drama, Thriller",Movie,English,,,5,,,,5
41,Doona,"Drama, Romance",Series,Korean,1,,1,,,,1
40,Orbita 9,"Drama, Sci-Fi",Movie,English,,,5,,,,5
39,Sharpnel,"Drama, Action, Thriller",Movie,English,,,5,,,,5
38,The Exorcism of God,"Drama, Horror",Movie,English,,,5,,,,5
37,The Mother,"Drama, Action, Thriller",Movie,English,,,5,,,,5
36,The Contractor,"Drama, Action, Thriller",Movie,English,,,4.5,,,,4.5
35,A.R.O.G,"Drama, Comedy, Sci-Fi, History",Movie,English,,,4,,,,4
34,Jennifer's Body,"Drama, Comedy, Horror",Movie,English,,,4,,,,4
33,The Last Witch Hunter,"Adventure, Action, Fantasy",Movie,English,,,4,,,,4
32,Love and Monsters,"Comedy, Romance, Adventure",Movie,English,,,4,,,,4
31,Zoolander,"Drama, Comedy",Movie,English,,,3.5,,,,3.5
30,Box Metaphor,"Thriller, Dark Comedy",Movie,English,,,3,,,,3
29,Domain,"Drama, Action, Sci-Fi, Thriller",Movie,English,,,3,,,,3
28,Dragonball Evolution,"Action, Fantasy, SuperPowers",Movie,English,,,3,,,,3
27,Monster Hunt,"Adventure, Fantasy",Movie,English,,,3,,,,3
26,Race to the Witch Mountain,"Drama, Adventure, Sci-Fi",Movie,English,,,3,,,,3
25,Richie Rich,"Drama, Comedy",Movie,English,,,3,,,,3
24,Trigger Warning,"Action, Thriller",Movie,English,,,3,,,,3
23,Tower Of God,"Action, Fantasy, Mystery, Magic",Animated Series,Japanese,2,,,,,9,9
22,Edge,"Drama, Action, Thriller",Movie,English,,,2,,,,2
21,R.I.P.D,"Comedy, Action, Sci-Fi",Movie,English,,,2,,,,2
20,Species,"Sci-Fi, Horror, Thriller",Movie,English,,,2,,,,2
19,Time Trap,"Drama, Action, Sci-Fi",Movie,English,,,2,,,,2
18,Bloodshot,"Action, Sci-Fi, SuperPowers",Movie,English,,,1,,,,1
17,Encounter,"Drama, Sci-Fi, Thriller",Movie,English,,,1,,,,1
16,Some Like It Rare,"Comedy, Horror",Movie,English,,,1,,,,1
15,The Mill,"Drama, Thriller",Movie,English,,,1,,,,1
14,Link Click,"Sci-Fi, Mystery",Series,Chinese,2,,,,,,0
13,Bad Guys Original,"Drama, Action, Crime, Thriller",Series,Korean,1,,,,,,0
12,Knuckles,"Adventure, Action",Series,English,1,,,,,,0
11,Vagabound,"Drama, Adventure",Series,Korean,1,,,,,,0
10,xXx : Return of Xander Cage,"Adventure, Action, Thriller",Movie,English,,,1,,,,1
9,I Saw the Devil,"Horror, Crime, Thriller",Movie,Korean,,,,,,,0
8,Creation of Gods 1 :Kingdom of Storms,"Drama, Fantasy, War, History, Gods & Demons, Magic",Movie,Chinese,,,,,,,0
7,Inglorious Bastards,"Drama, War, History",Movie,English,,,,,,,0
6,Ip Man 4,"Drama, Action, History, Real Incident",Movie,English,,,,,,,0
5,Ultraman Rising ,"Action, Sci-Fi",Movie,English,,,,,,,0
4,Do Aur do Pyaar,"Comedy, Romance",Movie,Hindi,,,,,,,0
3,24,"Drama, Action, Thriller",Movie,Tamil,,,,,,,0
2,A Thousand Words,"Drama, Comedy",Movie,English,,,,,,,0
1,Robots,"Comedy, Adventure",Animated Movie,English,,,,,,,0
